condition	module_id	gene	raw_score	q_minus_half
ATMi	HAP1.L2.32	APEX2	-0.044553387547602	0.02157099697885201
ATMi	HAP1.L2.32	EXO1	-0.516767884815218	0.4580664652567976
ATMi	HAP1.L2.32	MND1	-0.6868069616735255	0.47927492447129905
ATMi	HAP1.L2.32	PARP1	-1.020451014742789	0.49528700906344414
ATMi	HAP1.L2.32	PSMC3IP	-0.7906981569751302	0.4863444108761329
ATMi	HAP1.L2.32	RAD51B	-0.985189859161968	0.49401812688821756
ATMi	HAP1.L2.32	RAD54L	-0.4682806611770688	0.44809667673716014
ATMi	HAP1.L2.32	XRCC2	-1.021907126842753	0.4953474320241692
ATMi	HAP1.L2.32	ZSWIM7	-0.0181588708447651	-0.03595166163141994
ATMi	HAP1.L2.139	ABCD4	-0.0569799536299141	0.04773413897280965
ATMi	HAP1.L2.139	ADK	0.1687367401278251	-0.38586102719033233
ATMi	HAP1.L2.139	ANKRD40	0.0302916580412174	-0.14302114803625376
ATMi	HAP1.L2.139	HPRT1	0.3077984688274758	-0.4741993957703928
ATMi	HAP1.L2.139	MMACHC	0.26332337964779	-0.45836858006042297
ATMi	HAP1.L2.139	MTR	-0.1165415969653771	0.17051359516616316
ATMi	HAP1.L2.139	MTRR	0.0768741653895617	-0.24102719033232628
ATMi	HAP1.L2.139	PNP	-0.0867570724803991	0.1112990936555891
ATMi	HAP1.L2.139	SHMT1	-0.0162126063735182	-0.04048338368580062
ATMi	HAP1.L2.139	SLC43A3	0.2003137833016608	-0.4187915407854985
ATRi	HAP1.L2.32	APEX2	-0.4639780220095103	0.4873111782477342
ATRi	HAP1.L2.32	EXO1	-0.154522915958213	0.35879154078549846
ATRi	HAP1.L2.32	MND1	-0.4578586730513209	0.4871299093655589
ATRi	HAP1.L2.32	PARP1	-0.7590083229913382	0.4956495468277946
ATRi	HAP1.L2.32	PSMC3IP	-0.5700427413621465	0.491963746223565
ATRi	HAP1.L2.32	RAD51B	-1.123963667849686	0.4979456193353474
ATRi	HAP1.L2.32	RAD54L	-0.5467644075464287	0.4911178247734139
ATRi	HAP1.L2.32	XRCC2	-1.154090632239006	0.49836858006042295
ATRi	HAP1.L2.32	ZSWIM7	-0.2162785717574874	0.4210271903323263
ATRi	HAP1.L2.139	ABCD4	0.0192417982303186	-0.03093655589123867
ATRi	HAP1.L2.139	ADK	0.319892321850797	-0.4773413897280967
ATRi	HAP1.L2.139	ANKRD40	-0.1492529449072258	0.3509365558912386
ATRi	HAP1.L2.139	HPRT1	-0.1607407631463553	0.3663444108761329
ATRi	HAP1.L2.139	MMACHC	0.0895821563046617	-0.22241691842900302
ATRi	HAP1.L2.139	MTR	0.1354191130167468	-0.3161933534743202
ATRi	HAP1.L2.139	MTRR	0.2296553401713707	-0.43202416918429004
ATRi	HAP1.L2.139	PNP	-0.0258246623449749	0.09444108761329306
ATRi	HAP1.L2.139	SHMT1	-0.2320763801855703	0.43202416918429
ATRi	HAP1.L2.139	SLC43A3	0.0975252986934429	-0.23957703927492446
DNAPKi	HAP1.L2.32	APEX2	0.1553964258376285	-0.3499093655589124
DNAPKi	HAP1.L2.32	EXO1	-0.2776666619213576	0.33305135951661635
DNAPKi	HAP1.L2.32	MND1	-0.1405695374169812	0.1702719033232628
DNAPKi	HAP1.L2.32	PARP1	-1.212357324418439	0.49601208459214496
DNAPKi	HAP1.L2.32	PSMC3IP	-0.3853569077388929	0.40012084592145014
DNAPKi	HAP1.L2.32	RAD51B	-1.729264179681142	0.4993957703927493
DNAPKi	HAP1.L2.32	RAD54L	-0.2761845510469937	0.33184290030211483
DNAPKi	HAP1.L2.32	XRCC2	-1.568167718489008	0.4987915407854985
DNAPKi	HAP1.L2.32	ZSWIM7	-0.0907049062070125	0.08199395770392748
DNAPKi	HAP1.L2.139	ABCD4	-0.1297034336950399	0.15287009063444112
DNAPKi	HAP1.L2.139	ADK	0.2648309718208877	-0.4445317220543807
DNAPKi	HAP1.L2.139	ANKRD40	0.2729323110066859	-0.44930513595166166
DNAPKi	HAP1.L2.139	HPRT1	0.0413071329126778	-0.1654984894259819
DNAPKi	HAP1.L2.139	MMACHC	-0.0366640982955125	-0.017583081570996972
DNAPKi	HAP1.L2.139	MTR	0.0515033827010219	-0.1851963746223565
DNAPKi	HAP1.L2.139	MTRR	0.1467074479796007	-0.3404833836858006
DNAPKi	HAP1.L2.139	PNP	-0.2584093991898988	0.31534743202416915
DNAPKi	HAP1.L2.139	SHMT1	0.0082337108640788	-0.10422960725075531
DNAPKi	HAP1.L2.139	SLC43A3	0.0116955007184103	-0.11051359516616316
PARPi	HAP1.L2.32	APEX2	-0.0695776955161231	0.2348640483383686
PARPi	HAP1.L2.32	EXO1	0.0317092310905494	-0.03534743202416918
PARPi	HAP1.L2.32	MND1	-0.7941026346637632	0.49836858006042295
PARPi	HAP1.L2.32	PARP1	0.4202672660093733	-0.4780060422960725
PARPi	HAP1.L2.32	PSMC3IP	-0.8427117742787564	0.49848942598187307
PARPi	HAP1.L2.32	RAD51B	-1.55597079251267	0.4995166163141994
PARPi	HAP1.L2.32	RAD54L	-0.755756437011688	0.4981268882175227
PARPi	HAP1.L2.32	XRCC2	-1.387233260240938	0.4993957703927493
PARPi	HAP1.L2.32	ZSWIM7	-0.2627530588177693	0.47057401812688826
PARPi	HAP1.L2.139	ABCD4	0.0081173487860783	0.025438066465256814
PARPi	HAP1.L2.139	ADK	-0.0604880885079603	0.21117824773413896
PARPi	HAP1.L2.139	ANKRD40	0.1325321532332189	-0.26900302114803626
PARPi	HAP1.L2.139	HPRT1	-0.0471881460112664	0.17709969788519642
PARPi	HAP1.L2.139	MMACHC	-0.0600243174536787	0.2100302114803625
PARPi	HAP1.L2.139	MTR	0.1360771817381658	-0.27558912386706946
PARPi	HAP1.L2.139	MTRR	-0.01351874324746	0.08356495468277947
PARPi	HAP1.L2.139	PNP	0.2079736635109204	-0.380785498489426
PARPi	HAP1.L2.139	SHMT1	0.0935320349147585	-0.18996978851963747
PARPi	HAP1.L2.139	SLC43A3	-0.0379941355715416	0.15039274924471302
WEE1i	HAP1.L2.32	APEX2	-0.3260227156293468	0.4151057401812689
WEE1i	HAP1.L2.32	EXO1	0.2786893824644247	-0.45637462235649545
WEE1i	HAP1.L2.32	MND1	-0.2388529076247883	0.3595166163141994
WEE1i	HAP1.L2.32	PARP1	-0.1833844569311218	0.2974622356495469
WEE1i	HAP1.L2.32	PSMC3IP	-0.1242519373622354	0.20404833836858005
WEE1i	HAP1.L2.32	RAD51B	-0.0729201187876706	0.10441087613293054
WEE1i	HAP1.L2.32	RAD54L	0.0086331243604549	-0.07885196374622355
WEE1i	HAP1.L2.32	XRCC2	-0.435994751305431	0.4483383685800604
WEE1i	HAP1.L2.32	ZSWIM7	0.1840157873145092	-0.3916616314199396
WEE1i	HAP1.L2.139	ABCD4	-0.040593405565979	0.03329305135951666
WEE1i	HAP1.L2.139	ADK	0.3450410784782716	-0.47673716012084594
WEE1i	HAP1.L2.139	ANKRD40	-0.0081566113671917	-0.04036253776435045
WEE1i	HAP1.L2.139	HPRT1	-0.0750409827797614	0.10815709969788523
WEE1i	HAP1.L2.139	MMACHC	-0.0154982790775408	-0.022779456193353476
WEE1i	HAP1.L2.139	MTR	-0.0789760586079276	0.11740181268882177
WEE1i	HAP1.L2.139	MTRR	-0.1035295958671464	0.16616314199395765
WEE1i	HAP1.L2.139	PNP	0.0050114459380064	-0.07051359516616312
WEE1i	HAP1.L2.139	SHMT1	-0.0195704423575848	-0.012930513595166171
WEE1i	HAP1.L2.139	SLC43A3	0.1444721443018001	-0.3413897280966767
gamma_DMSO	HAP1.L2.32	APEX2	-0.2578968836752155	0.19613293051359515
gamma_DMSO	HAP1.L2.32	EXO1	-0.0867228134213172	-0.017099697885196385
gamma_DMSO	HAP1.L2.32	MND1	-0.0954011537398636	-0.0012084592145015227
gamma_DMSO	HAP1.L2.32	PARP1	-0.3800155983478357	0.2612688821752266
gamma_DMSO	HAP1.L2.32	PSMC3IP	-0.9201625920597584	0.3809063444108761
gamma_DMSO	HAP1.L2.32	RAD51B	-0.9013719947625886	0.378429003021148
gamma_DMSO	HAP1.L2.32	RAD54L	-0.2639043903480092	0.2005438066465257
gamma_DMSO	HAP1.L2.32	XRCC2	-1.525690941894583	0.43208459214501516
gamma_DMSO	HAP1.L2.32	ZSWIM7	-0.0891683525267919	-0.012809667673715996
gamma_DMSO	HAP1.L2.139	ABCD4	-0.0445619339741269	-0.09262839879154078
gamma_DMSO	HAP1.L2.139	ADK	-0.9531620469854848	0.3847734138972809
gamma_DMSO	HAP1.L2.139	ANKRD40	-0.1109138039514379	0.025800604229607282
gamma_DMSO	HAP1.L2.139	HPRT1	-0.0777175771718147	-0.03389728096676736
gamma_DMSO	HAP1.L2.139	MMACHC	-0.0703634450294794	-0.046465256797583065
gamma_DMSO	HAP1.L2.139	MTR	-0.172743839401791	0.11268882175226591
gamma_DMSO	HAP1.L2.139	MTRR	-0.1575620620037886	0.09299093655589119
gamma_DMSO	HAP1.L2.139	PNP	-0.1857220505672566	0.12749244712990937
gamma_DMSO	HAP1.L2.139	SHMT1	0.1628418764990611	-0.43293051359516616
gamma_DMSO	HAP1.L2.139	SLC43A3	-0.0814439388840835	-0.027371601208459218
