condition	module_id	T	raw_median	module_n	background_n
ATMi	HAP1.L2.32	0.3713393756294059	-0.6868069616735255	9	16549
ATMi	HAP1.L2.139	-0.1832205438066465	0.05358291171538955	10	16549
ATRi	HAP1.L2.32	0.46992279288351796	-0.5467644075464287	9	16549
ATRi	HAP1.L2.139	-0.04747432024169186	0.05441197726749015	10	16549
DNAPKi	HAP1.L2.32	0.2735078885532058	-0.2776666619213576	9	16549
DNAPKi	HAP1.L2.139	-0.13491238670694866	0.02650131681554405	10	16549
PARPi	HAP1.L2.32	0.29844243034575363	-0.755756437011688	9	16549
PARPi	HAP1.L2.139	-0.025764350453172203	-0.0027006972306908503	10	16549
WEE1i	HAP1.L2.32	0.10022155085599196	-0.1242519373622354	9	16549
WEE1i	HAP1.L2.139	-0.05396978851963745	-0.0175343607175628	10	16549
gamma_DMSO	HAP1.L2.32	0.20202752601544144	-0.2639043903480092	9	16549
gamma_DMSO	HAP1.L2.139	0.011045317220543815	-0.0961788714177607	10	16549
