check	observed	expected	absolute_error
zero_only_0.5/S0_old_genes_old_transcripts/M/sample	1.0434687186301854	1.0434687186301854	0.0
zero_only_0.5/S0_old_genes_old_transcripts/M/gene	1.043468718630186	1.0434687186301854	6.661338147750939e-16
zero_only_0.5/S0_old_genes_old_transcripts/C/sample	0.18279752942639593	0.1827975294263961	1.6653345369377348e-16
zero_only_0.5/S0_old_genes_old_transcripts/C/gene	0.1827975294263961	0.1827975294263961	0.0
zero_only_0.5/S0_old_genes_old_transcripts/balance	0.8606711892037893	0.8606711892037897	4.440892098500626e-16
zero_only_0.5/S0_old_genes_old_transcripts/samples_balance	0.8606711892037897	0.8606711892037897	0.0
zero_only_0.5/S1_old_genes_T0_transcripts/M/sample	1.0434687186301854	1.0434687186301854	0.0
zero_only_0.5/S1_old_genes_T0_transcripts/M/gene	1.043468718630186	1.0434687186301854	6.661338147750939e-16
zero_only_0.5/S1_old_genes_T0_transcripts/C/sample	0.5665631689994481	0.5665631689994481	0.0
zero_only_0.5/S1_old_genes_T0_transcripts/C/gene	0.5665631689994493	0.5665631689994481	1.1102230246251565e-15
zero_only_0.5/S1_old_genes_T0_transcripts/balance	0.4769055496307373	0.4769055496307371	1.6653345369377348e-16
zero_only_0.5/S1_old_genes_T0_transcripts/samples_balance	0.47690554963073717	0.4769055496307371	5.551115123125783e-17
zero_only_0.5/S2_T0_genes_T0_transcripts/M/sample	1.0524320786459058	1.0524320786459054	4.440892098500626e-16
zero_only_0.5/S2_T0_genes_T0_transcripts/M/gene	1.0524320786459056	1.0524320786459054	2.220446049250313e-16
zero_only_0.5/S2_T0_genes_T0_transcripts/C/sample	2.813917029519887	2.813917029519887	0.0
zero_only_0.5/S2_T0_genes_T0_transcripts/C/gene	2.813917029519885	2.813917029519887	1.7763568394002505e-15
zero_only_0.5/S2_T0_genes_T0_transcripts/balance	-1.7614849508739816	-1.7614849508739816	0.0
zero_only_0.5/S2_T0_genes_T0_transcripts/samples_balance	-1.7614849508739816	-1.7614849508739816	0.0
zero_only_0.5/M/retained	1.043468718630186	1.043468718630186	0.0
zero_only_0.5/M/mixture	1.0524320786459056	1.0524320786459056	0.0
zero_only_0.5/C/retained	0.5665631689994493	0.5665631689994493	0.0
zero_only_0.5/C/mixture	2.813917029519886	2.813917029519885	8.881784197001252e-16
zero_only_0.5/transcript_support/identity	-0.38376563957305204	-0.3837656395730526	5.551115123125783e-16
zero_only_0.5/gene_membership/identity	-2.238390500504719	-2.238390500504719	0.0
count_plus_1/S0_old_genes_old_transcripts/M/sample	1.040323326571933	1.040323326571933	0.0
count_plus_1/S0_old_genes_old_transcripts/M/gene	1.0403233265719334	1.040323326571933	4.440892098500626e-16
count_plus_1/S0_old_genes_old_transcripts/C/sample	0.18586942156254727	0.1858694215625472	5.551115123125783e-17
count_plus_1/S0_old_genes_old_transcripts/C/gene	0.18586942156254704	0.1858694215625472	1.6653345369377348e-16
count_plus_1/S0_old_genes_old_transcripts/balance	0.8544539050093858	0.8544539050093858	0.0
count_plus_1/S0_old_genes_old_transcripts/samples_balance	0.8544539050093858	0.8544539050093858	0.0
count_plus_1/S1_old_genes_T0_transcripts/M/sample	1.040323326571933	1.040323326571933	0.0
count_plus_1/S1_old_genes_T0_transcripts/M/gene	1.0403233265719334	1.040323326571933	4.440892098500626e-16
count_plus_1/S1_old_genes_T0_transcripts/C/sample	0.5224683048165639	0.5224683048165639	0.0
count_plus_1/S1_old_genes_T0_transcripts/C/gene	0.5224683048165641	0.5224683048165639	2.220446049250313e-16
count_plus_1/S1_old_genes_T0_transcripts/balance	0.517855021755369	0.5178550217553691	1.1102230246251565e-16
count_plus_1/S1_old_genes_T0_transcripts/samples_balance	0.5178550217553691	0.5178550217553691	0.0
count_plus_1/S2_T0_genes_T0_transcripts/M/sample	1.0450578216199067	1.045057821619907	2.220446049250313e-16
count_plus_1/S2_T0_genes_T0_transcripts/M/gene	1.0450578216199065	1.045057821619907	4.440892098500626e-16
count_plus_1/S2_T0_genes_T0_transcripts/C/sample	2.481609633801251	2.481609633801251	0.0
count_plus_1/S2_T0_genes_T0_transcripts/C/gene	2.4816096338012494	2.481609633801251	1.7763568394002505e-15
count_plus_1/S2_T0_genes_T0_transcripts/balance	-1.4365518121813443	-1.4365518121813436	6.661338147750939e-16
count_plus_1/S2_T0_genes_T0_transcripts/samples_balance	-1.4365518121813445	-1.4365518121813436	8.881784197001252e-16
count_plus_1/M/retained	1.0403233265719334	1.0403233265719334	0.0
count_plus_1/M/mixture	1.045057821619907	1.0450578216199065	4.440892098500626e-16
count_plus_1/C/retained	0.5224683048165641	0.5224683048165641	0.0
count_plus_1/C/mixture	2.48160963380125	2.4816096338012494	4.440892098500626e-16
count_plus_1/transcript_support/identity	-0.3365988832540167	-0.33659888325401666	5.551115123125783e-17
count_plus_1/gene_membership/identity	-1.9544068339367133	-1.9544068339367127	6.661338147750939e-16
ATMi/HAP1.L2.32/T	0.3713393756294059	0.3713393756294058	1.1102230246251565e-16
ATMi/HAP1.L2.32/median	-0.6868069616735255	-0.6868069616735255	0.0
ATMi/HAP1.L2.139/T	-0.1832205438066465	-0.1832205438066465	0.0
ATMi/HAP1.L2.139/median	0.05358291171538955	0.0535829117153895	4.85722573273506e-17
ATMi/contrast	0.5545599194360524	0.5545599194360523	1.1102230246251565e-16
ATRi/HAP1.L2.32/T	0.46992279288351796	0.4699227928835179	5.551115123125783e-17
ATRi/HAP1.L2.32/median	-0.5467644075464287	-0.5467644075464287	0.0
ATRi/HAP1.L2.139/T	-0.04747432024169186	-0.0474743202416918	6.245004513516506e-17
ATRi/HAP1.L2.139/median	0.05441197726749015	0.0544119772674901	4.85722573273506e-17
ATRi/contrast	0.5173971131252099	0.5173971131252098	1.1102230246251565e-16
DNAPKi/HAP1.L2.32/T	0.2735078885532058	0.2735078885532058	0.0
DNAPKi/HAP1.L2.32/median	-0.2776666619213576	-0.2776666619213576	0.0
DNAPKi/HAP1.L2.139/T	-0.13491238670694866	-0.1349123867069486	5.551115123125783e-17
DNAPKi/HAP1.L2.139/median	0.02650131681554405	0.026501316815544	4.85722573273506e-17
DNAPKi/contrast	0.40842027526015445	0.4084202752601544	5.551115123125783e-17
PARPi/HAP1.L2.32/T	0.29844243034575363	0.2984424303457536	5.551115123125783e-17
PARPi/HAP1.L2.32/median	-0.755756437011688	-0.755756437011688	0.0
PARPi/HAP1.L2.139/T	-0.025764350453172203	-0.0257643504531722	3.469446951953614e-18
PARPi/HAP1.L2.139/median	-0.0027006972306908503	-0.0027006972306908	5.0306980803327406e-17
PARPi/contrast	0.32420678079892584	0.3242067807989258	5.551115123125783e-17
WEE1i/HAP1.L2.32/T	0.10022155085599196	0.1002215508559919	6.938893903907228e-17
WEE1i/HAP1.L2.32/median	-0.1242519373622354	-0.1242519373622354	0.0
WEE1i/HAP1.L2.139/T	-0.05396978851963745	-0.0539697885196374	4.85722573273506e-17
WEE1i/HAP1.L2.139/median	-0.0175343607175628	-0.0175343607175628	0.0
WEE1i/contrast	0.1541913393756294	0.1541913393756294	0.0
gamma_DMSO/HAP1.L2.32/T	0.20202752601544144	0.2020275260154414	2.7755575615628914e-17
gamma_DMSO/HAP1.L2.32/median	-0.2639043903480092	-0.2639043903480092	0.0
gamma_DMSO/HAP1.L2.139/T	0.011045317220543815	0.0110453172205438	1.5612511283791264e-17
gamma_DMSO/HAP1.L2.139/median	-0.0961788714177607	-0.0961788714177607	0.0
gamma_DMSO/contrast	0.19098220879489763	0.1909822087948976	2.7755575615628914e-17
