workbook_sha	sheet	source_cell_range	header_cell	figure_panel	gene	source_gene_label	identity_binding	perturbation_reagent	background	drug	dose	duration	endpoint_definition	unit	normalization	sample_or_replicate_label	replicate_type	paired_design	value_status	value
9b2ec6c2afeb9fbc929fcbc818c7bfcd4817967eb99dc1195bf869f26b5ca360	Figure 5	C16	C15	5d	NTC	sgNT	EXACT_SOURCE_LABEL	sgNT	A549WT	vehicle	not specified for this panel in workbook/legend/method	96 hours	gammaH2AX flow-cytometry fluorescence	Relative gammaH2AX MFI (%) [official Fig5d axis]	Each sgRNA normalized to its own A549WT+vehicle control; raw fluorescence unavailable	1	biological replicates (author legend); transduction lineage unspecified	NOT_ESTABLISHED; source row labels retained without pair inference	AUTHOR_REPLICATE_VALUE	100.184299
9b2ec6c2afeb9fbc929fcbc818c7bfcd4817967eb99dc1195bf869f26b5ca360	Figure 5	C17	C15	5d	NTC	sgNT	EXACT_SOURCE_LABEL	sgNT	A549WT	vehicle	not specified for this panel in workbook/legend/method	96 hours	gammaH2AX flow-cytometry fluorescence	Relative gammaH2AX MFI (%) [official Fig5d axis]	Each sgRNA normalized to its own A549WT+vehicle control; raw fluorescence unavailable	2	biological replicates (author legend); transduction lineage unspecified	NOT_ESTABLISHED; source row labels retained without pair inference	AUTHOR_REPLICATE_VALUE	95.5417087
9b2ec6c2afeb9fbc929fcbc818c7bfcd4817967eb99dc1195bf869f26b5ca360	Figure 5	C18	C15	5d	NTC	sgNT	EXACT_SOURCE_LABEL	sgNT	A549WT	vehicle	not specified for this panel in workbook/legend/method	96 hours	gammaH2AX flow-cytometry fluorescence	Relative gammaH2AX MFI (%) [official Fig5d axis]	Each sgRNA normalized to its own A549WT+vehicle control; raw fluorescence unavailable	3	biological replicates (author legend); transduction lineage unspecified	NOT_ESTABLISHED; source row labels retained without pair inference	AUTHOR_REPLICATE_VALUE	104.273992
9b2ec6c2afeb9fbc929fcbc818c7bfcd4817967eb99dc1195bf869f26b5ca360	Figure 5	D16	D15	5d	IREB2	sgIREB2	EXACT_SOURCE_LABEL	sgIREB2	A549WT	vehicle	not specified for this panel in workbook/legend/method	96 hours	gammaH2AX flow-cytometry fluorescence	Relative gammaH2AX MFI (%) [official Fig5d axis]	Each sgRNA normalized to its own A549WT+vehicle control; raw fluorescence unavailable	1	biological replicates (author legend); transduction lineage unspecified	NOT_ESTABLISHED; source row labels retained without pair inference	AUTHOR_REPLICATE_VALUE	98.7826312
9b2ec6c2afeb9fbc929fcbc818c7bfcd4817967eb99dc1195bf869f26b5ca360	Figure 5	D17	D15	5d	IREB2	sgIREB2	EXACT_SOURCE_LABEL	sgIREB2	A549WT	vehicle	not specified for this panel in workbook/legend/method	96 hours	gammaH2AX flow-cytometry fluorescence	Relative gammaH2AX MFI (%) [official Fig5d axis]	Each sgRNA normalized to its own A549WT+vehicle control; raw fluorescence unavailable	2	biological replicates (author legend); transduction lineage unspecified	NOT_ESTABLISHED; source row labels retained without pair inference	AUTHOR_REPLICATE_VALUE	103.828547
9b2ec6c2afeb9fbc929fcbc818c7bfcd4817967eb99dc1195bf869f26b5ca360	Figure 5	D18	D15	5d	IREB2	sgIREB2	EXACT_SOURCE_LABEL	sgIREB2	A549WT	vehicle	not specified for this panel in workbook/legend/method	96 hours	gammaH2AX flow-cytometry fluorescence	Relative gammaH2AX MFI (%) [official Fig5d axis]	Each sgRNA normalized to its own A549WT+vehicle control; raw fluorescence unavailable	3	biological replicates (author legend); transduction lineage unspecified	NOT_ESTABLISHED; source row labels retained without pair inference	AUTHOR_REPLICATE_VALUE	97.3888223
9b2ec6c2afeb9fbc929fcbc818c7bfcd4817967eb99dc1195bf869f26b5ca360	Figure 5	E16	E15	5d	MRGBP	sgMGRBP	AUTHOR_FIGURE_RESOLVED_TYPO	sgMGRBP	A549WT	vehicle	not specified for this panel in workbook/legend/method	96 hours	gammaH2AX flow-cytometry fluorescence	Relative gammaH2AX MFI (%) [official Fig5d axis]	Each sgRNA normalized to its own A549WT+vehicle control; raw fluorescence unavailable	1	biological replicates (author legend); transduction lineage unspecified	NOT_ESTABLISHED; source row labels retained without pair inference	AUTHOR_REPLICATE_VALUE	105.772608
9b2ec6c2afeb9fbc929fcbc818c7bfcd4817967eb99dc1195bf869f26b5ca360	Figure 5	E17	E15	5d	MRGBP	sgMGRBP	AUTHOR_FIGURE_RESOLVED_TYPO	sgMGRBP	A549WT	vehicle	not specified for this panel in workbook/legend/method	96 hours	gammaH2AX flow-cytometry fluorescence	Relative gammaH2AX MFI (%) [official Fig5d axis]	Each sgRNA normalized to its own A549WT+vehicle control; raw fluorescence unavailable	2	biological replicates (author legend); transduction lineage unspecified	NOT_ESTABLISHED; source row labels retained without pair inference	AUTHOR_REPLICATE_VALUE	97.6749672
9b2ec6c2afeb9fbc929fcbc818c7bfcd4817967eb99dc1195bf869f26b5ca360	Figure 5	E18	E15	5d	MRGBP	sgMGRBP	AUTHOR_FIGURE_RESOLVED_TYPO	sgMGRBP	A549WT	vehicle	not specified for this panel in workbook/legend/method	96 hours	gammaH2AX flow-cytometry fluorescence	Relative gammaH2AX MFI (%) [official Fig5d axis]	Each sgRNA normalized to its own A549WT+vehicle control; raw fluorescence unavailable	3	biological replicates (author legend); transduction lineage unspecified	NOT_ESTABLISHED; source row labels retained without pair inference	AUTHOR_REPLICATE_VALUE	96.5524246
9b2ec6c2afeb9fbc929fcbc818c7bfcd4817967eb99dc1195bf869f26b5ca360	Figure 5	F16	F15	5d	PAX7	sgPAX7	EXACT_SOURCE_LABEL	sgPAX7	A549WT	vehicle	not specified for this panel in workbook/legend/method	96 hours	gammaH2AX flow-cytometry fluorescence	Relative gammaH2AX MFI (%) [official Fig5d axis]	Each sgRNA normalized to its own A549WT+vehicle control; raw fluorescence unavailable	1	biological replicates (author legend); transduction lineage unspecified	NOT_ESTABLISHED; source row labels retained without pair inference	AUTHOR_REPLICATE_VALUE	96.1713613
9b2ec6c2afeb9fbc929fcbc818c7bfcd4817967eb99dc1195bf869f26b5ca360	Figure 5	F17	F15	5d	PAX7	sgPAX7	EXACT_SOURCE_LABEL	sgPAX7	A549WT	vehicle	not specified for this panel in workbook/legend/method	96 hours	gammaH2AX flow-cytometry fluorescence	Relative gammaH2AX MFI (%) [official Fig5d axis]	Each sgRNA normalized to its own A549WT+vehicle control; raw fluorescence unavailable	2	biological replicates (author legend); transduction lineage unspecified	NOT_ESTABLISHED; source row labels retained without pair inference	AUTHOR_REPLICATE_VALUE	105.790492
9b2ec6c2afeb9fbc929fcbc818c7bfcd4817967eb99dc1195bf869f26b5ca360	Figure 5	F18	F15	5d	PAX7	sgPAX7	EXACT_SOURCE_LABEL	sgPAX7	A549WT	vehicle	not specified for this panel in workbook/legend/method	96 hours	gammaH2AX flow-cytometry fluorescence	Relative gammaH2AX MFI (%) [official Fig5d axis]	Each sgRNA normalized to its own A549WT+vehicle control; raw fluorescence unavailable	3	biological replicates (author legend); transduction lineage unspecified	NOT_ESTABLISHED; source row labels retained without pair inference	AUTHOR_REPLICATE_VALUE	98.0381468
9b2ec6c2afeb9fbc929fcbc818c7bfcd4817967eb99dc1195bf869f26b5ca360	Figure 5	G16	G15	5d	WRAP53	sgWRAP53	EXACT_SOURCE_LABEL	sgWRAP53	A549WT	vehicle	not specified for this panel in workbook/legend/method	96 hours	gammaH2AX flow-cytometry fluorescence	Relative gammaH2AX MFI (%) [official Fig5d axis]	Each sgRNA normalized to its own A549WT+vehicle control; raw fluorescence unavailable	1	biological replicates (author legend); transduction lineage unspecified	NOT_ESTABLISHED; source row labels retained without pair inference	AUTHOR_REPLICATE_VALUE	95.24286540000001
9b2ec6c2afeb9fbc929fcbc818c7bfcd4817967eb99dc1195bf869f26b5ca360	Figure 5	G17	G15	5d	WRAP53	sgWRAP53	EXACT_SOURCE_LABEL	sgWRAP53	A549WT	vehicle	not specified for this panel in workbook/legend/method	96 hours	gammaH2AX flow-cytometry fluorescence	Relative gammaH2AX MFI (%) [official Fig5d axis]	Each sgRNA normalized to its own A549WT+vehicle control; raw fluorescence unavailable	2	biological replicates (author legend); transduction lineage unspecified	NOT_ESTABLISHED; source row labels retained without pair inference	AUTHOR_REPLICATE_VALUE	101.095232
9b2ec6c2afeb9fbc929fcbc818c7bfcd4817967eb99dc1195bf869f26b5ca360	Figure 5	G18	G15	5d	WRAP53	sgWRAP53	EXACT_SOURCE_LABEL	sgWRAP53	A549WT	vehicle	not specified for this panel in workbook/legend/method	96 hours	gammaH2AX flow-cytometry fluorescence	Relative gammaH2AX MFI (%) [official Fig5d axis]	Each sgRNA normalized to its own A549WT+vehicle control; raw fluorescence unavailable	3	biological replicates (author legend); transduction lineage unspecified	NOT_ESTABLISHED; source row labels retained without pair inference	AUTHOR_REPLICATE_VALUE	103.661903
9b2ec6c2afeb9fbc929fcbc818c7bfcd4817967eb99dc1195bf869f26b5ca360	Figure 5	H16	H15	5d	NTC	sgNT	EXACT_SOURCE_LABEL	sgNT	A549WT	AZD7648	not specified for this panel in workbook/legend/method	96 hours	gammaH2AX flow-cytometry fluorescence	Relative gammaH2AX MFI (%) [official Fig5d axis]	Each sgRNA normalized to its own A549WT+vehicle control; raw fluorescence unavailable	1	biological replicates (author legend); transduction lineage unspecified	NOT_ESTABLISHED; source row labels retained without pair inference	AUTHOR_REPLICATE_VALUE	146.87788
9b2ec6c2afeb9fbc929fcbc818c7bfcd4817967eb99dc1195bf869f26b5ca360	Figure 5	H17	H15	5d	NTC	sgNT	EXACT_SOURCE_LABEL	sgNT	A549WT	AZD7648	not specified for this panel in workbook/legend/method	96 hours	gammaH2AX flow-cytometry fluorescence	Relative gammaH2AX MFI (%) [official Fig5d axis]	Each sgRNA normalized to its own A549WT+vehicle control; raw fluorescence unavailable	2	biological replicates (author legend); transduction lineage unspecified	NOT_ESTABLISHED; source row labels retained without pair inference	AUTHOR_REPLICATE_VALUE	128.118829
9b2ec6c2afeb9fbc929fcbc818c7bfcd4817967eb99dc1195bf869f26b5ca360	Figure 5	H18	H15	5d	NTC	sgNT	EXACT_SOURCE_LABEL	sgNT	A549WT	AZD7648	not specified for this panel in workbook/legend/method	96 hours	gammaH2AX flow-cytometry fluorescence	Relative gammaH2AX MFI (%) [official Fig5d axis]	Each sgRNA normalized to its own A549WT+vehicle control; raw fluorescence unavailable	3	biological replicates (author legend); transduction lineage unspecified	NOT_ESTABLISHED; source row labels retained without pair inference	AUTHOR_REPLICATE_VALUE	141.13388
9b2ec6c2afeb9fbc929fcbc818c7bfcd4817967eb99dc1195bf869f26b5ca360	Figure 5	I16	I15	5d	IREB2	sgIREB2	EXACT_SOURCE_LABEL	sgIREB2	A549WT	AZD7648	not specified for this panel in workbook/legend/method	96 hours	gammaH2AX flow-cytometry fluorescence	Relative gammaH2AX MFI (%) [official Fig5d axis]	Each sgRNA normalized to its own A549WT+vehicle control; raw fluorescence unavailable	1	biological replicates (author legend); transduction lineage unspecified	NOT_ESTABLISHED; source row labels retained without pair inference	AUTHOR_REPLICATE_VALUE	120.321271
9b2ec6c2afeb9fbc929fcbc818c7bfcd4817967eb99dc1195bf869f26b5ca360	Figure 5	I17	I15	5d	IREB2	sgIREB2	EXACT_SOURCE_LABEL	sgIREB2	A549WT	AZD7648	not specified for this panel in workbook/legend/method	96 hours	gammaH2AX flow-cytometry fluorescence	Relative gammaH2AX MFI (%) [official Fig5d axis]	Each sgRNA normalized to its own A549WT+vehicle control; raw fluorescence unavailable	2	biological replicates (author legend); transduction lineage unspecified	NOT_ESTABLISHED; source row labels retained without pair inference	AUTHOR_REPLICATE_VALUE	135.244427
9b2ec6c2afeb9fbc929fcbc818c7bfcd4817967eb99dc1195bf869f26b5ca360	Figure 5	I18	I15	5d	IREB2	sgIREB2	EXACT_SOURCE_LABEL	sgIREB2	A549WT	AZD7648	not specified for this panel in workbook/legend/method	96 hours	gammaH2AX flow-cytometry fluorescence	Relative gammaH2AX MFI (%) [official Fig5d axis]	Each sgRNA normalized to its own A549WT+vehicle control; raw fluorescence unavailable	3	biological replicates (author legend); transduction lineage unspecified	NOT_ESTABLISHED; source row labels retained without pair inference	AUTHOR_REPLICATE_VALUE	165.207232
9b2ec6c2afeb9fbc929fcbc818c7bfcd4817967eb99dc1195bf869f26b5ca360	Figure 5	J16	J15	5d	MRGBP	sgMGRBP	AUTHOR_FIGURE_RESOLVED_TYPO	sgMGRBP	A549WT	AZD7648	not specified for this panel in workbook/legend/method	96 hours	gammaH2AX flow-cytometry fluorescence	Relative gammaH2AX MFI (%) [official Fig5d axis]	Each sgRNA normalized to its own A549WT+vehicle control; raw fluorescence unavailable	1	biological replicates (author legend); transduction lineage unspecified	NOT_ESTABLISHED; source row labels retained without pair inference	AUTHOR_REPLICATE_VALUE	102.595675
9b2ec6c2afeb9fbc929fcbc818c7bfcd4817967eb99dc1195bf869f26b5ca360	Figure 5	J17	J15	5d	MRGBP	sgMGRBP	AUTHOR_FIGURE_RESOLVED_TYPO	sgMGRBP	A549WT	AZD7648	not specified for this panel in workbook/legend/method	96 hours	gammaH2AX flow-cytometry fluorescence	Relative gammaH2AX MFI (%) [official Fig5d axis]	Each sgRNA normalized to its own A549WT+vehicle control; raw fluorescence unavailable	2	biological replicates (author legend); transduction lineage unspecified	NOT_ESTABLISHED; source row labels retained without pair inference	AUTHOR_REPLICATE_VALUE	109.413499
9b2ec6c2afeb9fbc929fcbc818c7bfcd4817967eb99dc1195bf869f26b5ca360	Figure 5	J18	J15	5d	MRGBP	sgMGRBP	AUTHOR_FIGURE_RESOLVED_TYPO	sgMGRBP	A549WT	AZD7648	not specified for this panel in workbook/legend/method	96 hours	gammaH2AX flow-cytometry fluorescence	Relative gammaH2AX MFI (%) [official Fig5d axis]	Each sgRNA normalized to its own A549WT+vehicle control; raw fluorescence unavailable	3	biological replicates (author legend); transduction lineage unspecified	NOT_ESTABLISHED; source row labels retained without pair inference	AUTHOR_REPLICATE_VALUE	136.311271
9b2ec6c2afeb9fbc929fcbc818c7bfcd4817967eb99dc1195bf869f26b5ca360	Figure 5	K16	K15	5d	PAX7	sgPAX7	EXACT_SOURCE_LABEL	sgPAX7	A549WT	AZD7648	not specified for this panel in workbook/legend/method	96 hours	gammaH2AX flow-cytometry fluorescence	Relative gammaH2AX MFI (%) [official Fig5d axis]	Each sgRNA normalized to its own A549WT+vehicle control; raw fluorescence unavailable	1	biological replicates (author legend); transduction lineage unspecified	NOT_ESTABLISHED; source row labels retained without pair inference	AUTHOR_REPLICATE_VALUE	93.4509603
9b2ec6c2afeb9fbc929fcbc818c7bfcd4817967eb99dc1195bf869f26b5ca360	Figure 5	K17	K15	5d	PAX7	sgPAX7	EXACT_SOURCE_LABEL	sgPAX7	A549WT	AZD7648	not specified for this panel in workbook/legend/method	96 hours	gammaH2AX flow-cytometry fluorescence	Relative gammaH2AX MFI (%) [official Fig5d axis]	Each sgRNA normalized to its own A549WT+vehicle control; raw fluorescence unavailable	2	biological replicates (author legend); transduction lineage unspecified	NOT_ESTABLISHED; source row labels retained without pair inference	AUTHOR_REPLICATE_VALUE	99.07126090000001
9b2ec6c2afeb9fbc929fcbc818c7bfcd4817967eb99dc1195bf869f26b5ca360	Figure 5	K18	K15	5d	PAX7	sgPAX7	EXACT_SOURCE_LABEL	sgPAX7	A549WT	AZD7648	not specified for this panel in workbook/legend/method	96 hours	gammaH2AX flow-cytometry fluorescence	Relative gammaH2AX MFI (%) [official Fig5d axis]	Each sgRNA normalized to its own A549WT+vehicle control; raw fluorescence unavailable	3	biological replicates (author legend); transduction lineage unspecified	NOT_ESTABLISHED; source row labels retained without pair inference	AUTHOR_REPLICATE_VALUE	96.3468711
9b2ec6c2afeb9fbc929fcbc818c7bfcd4817967eb99dc1195bf869f26b5ca360	Figure 5	L16	L15	5d	WRAP53	sgWRAP53	EXACT_SOURCE_LABEL	sgWRAP53	A549WT	AZD7648	not specified for this panel in workbook/legend/method	96 hours	gammaH2AX flow-cytometry fluorescence	Relative gammaH2AX MFI (%) [official Fig5d axis]	Each sgRNA normalized to its own A549WT+vehicle control; raw fluorescence unavailable	1	biological replicates (author legend); transduction lineage unspecified	NOT_ESTABLISHED; source row labels retained without pair inference	AUTHOR_REPLICATE_VALUE	116.464093
9b2ec6c2afeb9fbc929fcbc818c7bfcd4817967eb99dc1195bf869f26b5ca360	Figure 5	L17	L15	5d	WRAP53	sgWRAP53	EXACT_SOURCE_LABEL	sgWRAP53	A549WT	AZD7648	not specified for this panel in workbook/legend/method	96 hours	gammaH2AX flow-cytometry fluorescence	Relative gammaH2AX MFI (%) [official Fig5d axis]	Each sgRNA normalized to its own A549WT+vehicle control; raw fluorescence unavailable	2	biological replicates (author legend); transduction lineage unspecified	NOT_ESTABLISHED; source row labels retained without pair inference	AUTHOR_REPLICATE_VALUE	117.752994
9b2ec6c2afeb9fbc929fcbc818c7bfcd4817967eb99dc1195bf869f26b5ca360	Figure 5	L18	L15	5d	WRAP53	sgWRAP53	EXACT_SOURCE_LABEL	sgWRAP53	A549WT	AZD7648	not specified for this panel in workbook/legend/method	96 hours	gammaH2AX flow-cytometry fluorescence	Relative gammaH2AX MFI (%) [official Fig5d axis]	Each sgRNA normalized to its own A549WT+vehicle control; raw fluorescence unavailable	3	biological replicates (author legend); transduction lineage unspecified	NOT_ESTABLISHED; source row labels retained without pair inference	AUTHOR_REPLICATE_VALUE	130.243533
9b2ec6c2afeb9fbc929fcbc818c7bfcd4817967eb99dc1195bf869f26b5ca360	Figure 5	M16	M15	5d	NTC	sgNT	EXACT_SOURCE_LABEL	sgNT	A549PRDX1KO	vehicle	not specified for this panel in workbook/legend/method	96 hours	gammaH2AX flow-cytometry fluorescence	Relative gammaH2AX MFI (%) [official Fig5d axis]	Each sgRNA normalized to its own A549WT+vehicle control; raw fluorescence unavailable	1	biological replicates (author legend); transduction lineage unspecified	NOT_ESTABLISHED; source row labels retained without pair inference	AUTHOR_REPLICATE_VALUE	314.836105
9b2ec6c2afeb9fbc929fcbc818c7bfcd4817967eb99dc1195bf869f26b5ca360	Figure 5	M17	M15	5d	NTC	sgNT	EXACT_SOURCE_LABEL	sgNT	A549PRDX1KO	vehicle	not specified for this panel in workbook/legend/method	96 hours	gammaH2AX flow-cytometry fluorescence	Relative gammaH2AX MFI (%) [official Fig5d axis]	Each sgRNA normalized to its own A549WT+vehicle control; raw fluorescence unavailable	2	biological replicates (author legend); transduction lineage unspecified	NOT_ESTABLISHED; source row labels retained without pair inference	AUTHOR_REPLICATE_VALUE	317.394357
9b2ec6c2afeb9fbc929fcbc818c7bfcd4817967eb99dc1195bf869f26b5ca360	Figure 5	M18	M15	5d	NTC	sgNT	EXACT_SOURCE_LABEL	sgNT	A549PRDX1KO	vehicle	not specified for this panel in workbook/legend/method	96 hours	gammaH2AX flow-cytometry fluorescence	Relative gammaH2AX MFI (%) [official Fig5d axis]	Each sgRNA normalized to its own A549WT+vehicle control; raw fluorescence unavailable	3	biological replicates (author legend); transduction lineage unspecified	NOT_ESTABLISHED; source row labels retained without pair inference	AUTHOR_REPLICATE_VALUE	333.314318
9b2ec6c2afeb9fbc929fcbc818c7bfcd4817967eb99dc1195bf869f26b5ca360	Figure 5	N16	N15	5d	IREB2	sgIREB2	EXACT_SOURCE_LABEL	sgIREB2	A549PRDX1KO	vehicle	not specified for this panel in workbook/legend/method	96 hours	gammaH2AX flow-cytometry fluorescence	Relative gammaH2AX MFI (%) [official Fig5d axis]	Each sgRNA normalized to its own A549WT+vehicle control; raw fluorescence unavailable	1	biological replicates (author legend); transduction lineage unspecified	NOT_ESTABLISHED; source row labels retained without pair inference	AUTHOR_REPLICATE_VALUE	153.243365
9b2ec6c2afeb9fbc929fcbc818c7bfcd4817967eb99dc1195bf869f26b5ca360	Figure 5	N17	N15	5d	IREB2	sgIREB2	EXACT_SOURCE_LABEL	sgIREB2	A549PRDX1KO	vehicle	not specified for this panel in workbook/legend/method	96 hours	gammaH2AX flow-cytometry fluorescence	Relative gammaH2AX MFI (%) [official Fig5d axis]	Each sgRNA normalized to its own A549WT+vehicle control; raw fluorescence unavailable	2	biological replicates (author legend); transduction lineage unspecified	NOT_ESTABLISHED; source row labels retained without pair inference	AUTHOR_REPLICATE_VALUE	163.645839
9b2ec6c2afeb9fbc929fcbc818c7bfcd4817967eb99dc1195bf869f26b5ca360	Figure 5	N18	N15	5d	IREB2	sgIREB2	EXACT_SOURCE_LABEL	sgIREB2	A549PRDX1KO	vehicle	not specified for this panel in workbook/legend/method	96 hours	gammaH2AX flow-cytometry fluorescence	Relative gammaH2AX MFI (%) [official Fig5d axis]	Each sgRNA normalized to its own A549WT+vehicle control; raw fluorescence unavailable	3	biological replicates (author legend); transduction lineage unspecified	NOT_ESTABLISHED; source row labels retained without pair inference	AUTHOR_REPLICATE_VALUE	160.003951
9b2ec6c2afeb9fbc929fcbc818c7bfcd4817967eb99dc1195bf869f26b5ca360	Figure 5	O16	O15	5d	MRGBP	sgMGRBP	AUTHOR_FIGURE_RESOLVED_TYPO	sgMGRBP	A549PRDX1KO	vehicle	not specified for this panel in workbook/legend/method	96 hours	gammaH2AX flow-cytometry fluorescence	Relative gammaH2AX MFI (%) [official Fig5d axis]	Each sgRNA normalized to its own A549WT+vehicle control; raw fluorescence unavailable	1	biological replicates (author legend); transduction lineage unspecified	NOT_ESTABLISHED; source row labels retained without pair inference	AUTHOR_REPLICATE_VALUE	186.788336
9b2ec6c2afeb9fbc929fcbc818c7bfcd4817967eb99dc1195bf869f26b5ca360	Figure 5	O17	O15	5d	MRGBP	sgMGRBP	AUTHOR_FIGURE_RESOLVED_TYPO	sgMGRBP	A549PRDX1KO	vehicle	not specified for this panel in workbook/legend/method	96 hours	gammaH2AX flow-cytometry fluorescence	Relative gammaH2AX MFI (%) [official Fig5d axis]	Each sgRNA normalized to its own A549WT+vehicle control; raw fluorescence unavailable	2	biological replicates (author legend); transduction lineage unspecified	NOT_ESTABLISHED; source row labels retained without pair inference	AUTHOR_REPLICATE_VALUE	199.28768
9b2ec6c2afeb9fbc929fcbc818c7bfcd4817967eb99dc1195bf869f26b5ca360	Figure 5	O18	O15	5d	MRGBP	sgMGRBP	AUTHOR_FIGURE_RESOLVED_TYPO	sgMGRBP	A549PRDX1KO	vehicle	not specified for this panel in workbook/legend/method	96 hours	gammaH2AX flow-cytometry fluorescence	Relative gammaH2AX MFI (%) [official Fig5d axis]	Each sgRNA normalized to its own A549WT+vehicle control; raw fluorescence unavailable	3	biological replicates (author legend); transduction lineage unspecified	NOT_ESTABLISHED; source row labels retained without pair inference	AUTHOR_REPLICATE_VALUE	185.626474
9b2ec6c2afeb9fbc929fcbc818c7bfcd4817967eb99dc1195bf869f26b5ca360	Figure 5	P16	P15	5d	PAX7	sgPAX7	EXACT_SOURCE_LABEL	sgPAX7	A549PRDX1KO	vehicle	not specified for this panel in workbook/legend/method	96 hours	gammaH2AX flow-cytometry fluorescence	Relative gammaH2AX MFI (%) [official Fig5d axis]	Each sgRNA normalized to its own A549WT+vehicle control; raw fluorescence unavailable	1	biological replicates (author legend); transduction lineage unspecified	NOT_ESTABLISHED; source row labels retained without pair inference	AUTHOR_REPLICATE_VALUE	129.659817
9b2ec6c2afeb9fbc929fcbc818c7bfcd4817967eb99dc1195bf869f26b5ca360	Figure 5	P17	P15	5d	PAX7	sgPAX7	EXACT_SOURCE_LABEL	sgPAX7	A549PRDX1KO	vehicle	not specified for this panel in workbook/legend/method	96 hours	gammaH2AX flow-cytometry fluorescence	Relative gammaH2AX MFI (%) [official Fig5d axis]	Each sgRNA normalized to its own A549WT+vehicle control; raw fluorescence unavailable	2	biological replicates (author legend); transduction lineage unspecified	NOT_ESTABLISHED; source row labels retained without pair inference	AUTHOR_REPLICATE_VALUE	116.368943
9b2ec6c2afeb9fbc929fcbc818c7bfcd4817967eb99dc1195bf869f26b5ca360	Figure 5	P18	P15	5d	PAX7	sgPAX7	EXACT_SOURCE_LABEL	sgPAX7	A549PRDX1KO	vehicle	not specified for this panel in workbook/legend/method	96 hours	gammaH2AX flow-cytometry fluorescence	Relative gammaH2AX MFI (%) [official Fig5d axis]	Each sgRNA normalized to its own A549WT+vehicle control; raw fluorescence unavailable	3	biological replicates (author legend); transduction lineage unspecified	NOT_ESTABLISHED; source row labels retained without pair inference	AUTHOR_REPLICATE_VALUE	141.566557
9b2ec6c2afeb9fbc929fcbc818c7bfcd4817967eb99dc1195bf869f26b5ca360	Figure 5	Q16	Q15	5d	WRAP53	sgWRAP53	EXACT_SOURCE_LABEL	sgWRAP53	A549PRDX1KO	vehicle	not specified for this panel in workbook/legend/method	96 hours	gammaH2AX flow-cytometry fluorescence	Relative gammaH2AX MFI (%) [official Fig5d axis]	Each sgRNA normalized to its own A549WT+vehicle control; raw fluorescence unavailable	1	biological replicates (author legend); transduction lineage unspecified	NOT_ESTABLISHED; source row labels retained without pair inference	AUTHOR_REPLICATE_VALUE	306.664886
9b2ec6c2afeb9fbc929fcbc818c7bfcd4817967eb99dc1195bf869f26b5ca360	Figure 5	Q17	Q15	5d	WRAP53	sgWRAP53	EXACT_SOURCE_LABEL	sgWRAP53	A549PRDX1KO	vehicle	not specified for this panel in workbook/legend/method	96 hours	gammaH2AX flow-cytometry fluorescence	Relative gammaH2AX MFI (%) [official Fig5d axis]	Each sgRNA normalized to its own A549WT+vehicle control; raw fluorescence unavailable	2	biological replicates (author legend); transduction lineage unspecified	NOT_ESTABLISHED; source row labels retained without pair inference	AUTHOR_REPLICATE_VALUE	273.950403
9b2ec6c2afeb9fbc929fcbc818c7bfcd4817967eb99dc1195bf869f26b5ca360	Figure 5	Q18	Q15	5d	WRAP53	sgWRAP53	EXACT_SOURCE_LABEL	sgWRAP53	A549PRDX1KO	vehicle	not specified for this panel in workbook/legend/method	96 hours	gammaH2AX flow-cytometry fluorescence	Relative gammaH2AX MFI (%) [official Fig5d axis]	Each sgRNA normalized to its own A549WT+vehicle control; raw fluorescence unavailable	3	biological replicates (author legend); transduction lineage unspecified	NOT_ESTABLISHED; source row labels retained without pair inference	AUTHOR_REPLICATE_VALUE	283.19309
9b2ec6c2afeb9fbc929fcbc818c7bfcd4817967eb99dc1195bf869f26b5ca360	Figure 5	R16	R15	5d	NTC	sgNT	EXACT_SOURCE_LABEL	sgNT	A549PRDX1KO	AZD7648	not specified for this panel in workbook/legend/method	96 hours	gammaH2AX flow-cytometry fluorescence	Relative gammaH2AX MFI (%) [official Fig5d axis]	Each sgRNA normalized to its own A549WT+vehicle control; raw fluorescence unavailable	1	biological replicates (author legend); transduction lineage unspecified	NOT_ESTABLISHED; source row labels retained without pair inference	AUTHOR_REPLICATE_VALUE	580.117601
9b2ec6c2afeb9fbc929fcbc818c7bfcd4817967eb99dc1195bf869f26b5ca360	Figure 5	R17	R15	5d	NTC	sgNT	EXACT_SOURCE_LABEL	sgNT	A549PRDX1KO	AZD7648	not specified for this panel in workbook/legend/method	96 hours	gammaH2AX flow-cytometry fluorescence	Relative gammaH2AX MFI (%) [official Fig5d axis]	Each sgRNA normalized to its own A549WT+vehicle control; raw fluorescence unavailable	2	biological replicates (author legend); transduction lineage unspecified	NOT_ESTABLISHED; source row labels retained without pair inference	AUTHOR_REPLICATE_VALUE	609.381719
9b2ec6c2afeb9fbc929fcbc818c7bfcd4817967eb99dc1195bf869f26b5ca360	Figure 5	R18	R15	5d	NTC	sgNT	EXACT_SOURCE_LABEL	sgNT	A549PRDX1KO	AZD7648	not specified for this panel in workbook/legend/method	96 hours	gammaH2AX flow-cytometry fluorescence	Relative gammaH2AX MFI (%) [official Fig5d axis]	Each sgRNA normalized to its own A549WT+vehicle control; raw fluorescence unavailable	3	biological replicates (author legend); transduction lineage unspecified	NOT_ESTABLISHED; source row labels retained without pair inference	AUTHOR_REPLICATE_VALUE	700.232568
9b2ec6c2afeb9fbc929fcbc818c7bfcd4817967eb99dc1195bf869f26b5ca360	Figure 5	S16	S15	5d	IREB2	sgIREB2	EXACT_SOURCE_LABEL	sgIREB2	A549PRDX1KO	AZD7648	not specified for this panel in workbook/legend/method	96 hours	gammaH2AX flow-cytometry fluorescence	Relative gammaH2AX MFI (%) [official Fig5d axis]	Each sgRNA normalized to its own A549WT+vehicle control; raw fluorescence unavailable	1	biological replicates (author legend); transduction lineage unspecified	NOT_ESTABLISHED; source row labels retained without pair inference	AUTHOR_REPLICATE_VALUE	253.571039
9b2ec6c2afeb9fbc929fcbc818c7bfcd4817967eb99dc1195bf869f26b5ca360	Figure 5	S17	S15	5d	IREB2	sgIREB2	EXACT_SOURCE_LABEL	sgIREB2	A549PRDX1KO	AZD7648	not specified for this panel in workbook/legend/method	96 hours	gammaH2AX flow-cytometry fluorescence	Relative gammaH2AX MFI (%) [official Fig5d axis]	Each sgRNA normalized to its own A549WT+vehicle control; raw fluorescence unavailable	2	biological replicates (author legend); transduction lineage unspecified	NOT_ESTABLISHED; source row labels retained without pair inference	AUTHOR_REPLICATE_VALUE	250.070167
9b2ec6c2afeb9fbc929fcbc818c7bfcd4817967eb99dc1195bf869f26b5ca360	Figure 5	S18	S15	5d	IREB2	sgIREB2	EXACT_SOURCE_LABEL	sgIREB2	A549PRDX1KO	AZD7648	not specified for this panel in workbook/legend/method	96 hours	gammaH2AX flow-cytometry fluorescence	Relative gammaH2AX MFI (%) [official Fig5d axis]	Each sgRNA normalized to its own A549WT+vehicle control; raw fluorescence unavailable	3	biological replicates (author legend); transduction lineage unspecified	NOT_ESTABLISHED; source row labels retained without pair inference	AUTHOR_REPLICATE_VALUE	258.267481
9b2ec6c2afeb9fbc929fcbc818c7bfcd4817967eb99dc1195bf869f26b5ca360	Figure 5	T16	T15	5d	MRGBP	sgMGRBP	AUTHOR_FIGURE_RESOLVED_TYPO	sgMGRBP	A549PRDX1KO	AZD7648	not specified for this panel in workbook/legend/method	96 hours	gammaH2AX flow-cytometry fluorescence	Relative gammaH2AX MFI (%) [official Fig5d axis]	Each sgRNA normalized to its own A549WT+vehicle control; raw fluorescence unavailable	1	biological replicates (author legend); transduction lineage unspecified	NOT_ESTABLISHED; source row labels retained without pair inference	AUTHOR_REPLICATE_VALUE	363.615334
9b2ec6c2afeb9fbc929fcbc818c7bfcd4817967eb99dc1195bf869f26b5ca360	Figure 5	T17	T15	5d	MRGBP	sgMGRBP	AUTHOR_FIGURE_RESOLVED_TYPO	sgMGRBP	A549PRDX1KO	AZD7648	not specified for this panel in workbook/legend/method	96 hours	gammaH2AX flow-cytometry fluorescence	Relative gammaH2AX MFI (%) [official Fig5d axis]	Each sgRNA normalized to its own A549WT+vehicle control; raw fluorescence unavailable	2	biological replicates (author legend); transduction lineage unspecified	NOT_ESTABLISHED; source row labels retained without pair inference	AUTHOR_REPLICATE_VALUE	338.370904
9b2ec6c2afeb9fbc929fcbc818c7bfcd4817967eb99dc1195bf869f26b5ca360	Figure 5	T18	T15	5d	MRGBP	sgMGRBP	AUTHOR_FIGURE_RESOLVED_TYPO	sgMGRBP	A549PRDX1KO	AZD7648	not specified for this panel in workbook/legend/method	96 hours	gammaH2AX flow-cytometry fluorescence	Relative gammaH2AX MFI (%) [official Fig5d axis]	Each sgRNA normalized to its own A549WT+vehicle control; raw fluorescence unavailable	3	biological replicates (author legend); transduction lineage unspecified	NOT_ESTABLISHED; source row labels retained without pair inference	AUTHOR_REPLICATE_VALUE	371.826999
9b2ec6c2afeb9fbc929fcbc818c7bfcd4817967eb99dc1195bf869f26b5ca360	Figure 5	U16	U15	5d	PAX7	sgPAX7	EXACT_SOURCE_LABEL	sgPAX7	A549PRDX1KO	AZD7648	not specified for this panel in workbook/legend/method	96 hours	gammaH2AX flow-cytometry fluorescence	Relative gammaH2AX MFI (%) [official Fig5d axis]	Each sgRNA normalized to its own A549WT+vehicle control; raw fluorescence unavailable	1	biological replicates (author legend); transduction lineage unspecified	NOT_ESTABLISHED; source row labels retained without pair inference	AUTHOR_REPLICATE_VALUE	205.771212
9b2ec6c2afeb9fbc929fcbc818c7bfcd4817967eb99dc1195bf869f26b5ca360	Figure 5	U17	U15	5d	PAX7	sgPAX7	EXACT_SOURCE_LABEL	sgPAX7	A549PRDX1KO	AZD7648	not specified for this panel in workbook/legend/method	96 hours	gammaH2AX flow-cytometry fluorescence	Relative gammaH2AX MFI (%) [official Fig5d axis]	Each sgRNA normalized to its own A549WT+vehicle control; raw fluorescence unavailable	2	biological replicates (author legend); transduction lineage unspecified	NOT_ESTABLISHED; source row labels retained without pair inference	AUTHOR_REPLICATE_VALUE	204.610455
9b2ec6c2afeb9fbc929fcbc818c7bfcd4817967eb99dc1195bf869f26b5ca360	Figure 5	U18	U15	5d	PAX7	sgPAX7	EXACT_SOURCE_LABEL	sgPAX7	A549PRDX1KO	AZD7648	not specified for this panel in workbook/legend/method	96 hours	gammaH2AX flow-cytometry fluorescence	Relative gammaH2AX MFI (%) [official Fig5d axis]	Each sgRNA normalized to its own A549WT+vehicle control; raw fluorescence unavailable	3	biological replicates (author legend); transduction lineage unspecified	NOT_ESTABLISHED; source row labels retained without pair inference	AUTHOR_REPLICATE_VALUE	210.342443
9b2ec6c2afeb9fbc929fcbc818c7bfcd4817967eb99dc1195bf869f26b5ca360	Figure 5	V16	V15	5d	WRAP53	sgWRAP53	EXACT_SOURCE_LABEL	sgWRAP53	A549PRDX1KO	AZD7648	not specified for this panel in workbook/legend/method	96 hours	gammaH2AX flow-cytometry fluorescence	Relative gammaH2AX MFI (%) [official Fig5d axis]	Each sgRNA normalized to its own A549WT+vehicle control; raw fluorescence unavailable	1	biological replicates (author legend); transduction lineage unspecified	NOT_ESTABLISHED; source row labels retained without pair inference	AUTHOR_REPLICATE_VALUE	624.41788
9b2ec6c2afeb9fbc929fcbc818c7bfcd4817967eb99dc1195bf869f26b5ca360	Figure 5	V17	V15	5d	WRAP53	sgWRAP53	EXACT_SOURCE_LABEL	sgWRAP53	A549PRDX1KO	AZD7648	not specified for this panel in workbook/legend/method	96 hours	gammaH2AX flow-cytometry fluorescence	Relative gammaH2AX MFI (%) [official Fig5d axis]	Each sgRNA normalized to its own A549WT+vehicle control; raw fluorescence unavailable	2	biological replicates (author legend); transduction lineage unspecified	NOT_ESTABLISHED; source row labels retained without pair inference	AUTHOR_REPLICATE_VALUE	610.578336
9b2ec6c2afeb9fbc929fcbc818c7bfcd4817967eb99dc1195bf869f26b5ca360	Figure 5	V18	V15	5d	WRAP53	sgWRAP53	EXACT_SOURCE_LABEL	sgWRAP53	A549PRDX1KO	AZD7648	not specified for this panel in workbook/legend/method	96 hours	gammaH2AX flow-cytometry fluorescence	Relative gammaH2AX MFI (%) [official Fig5d axis]	Each sgRNA normalized to its own A549WT+vehicle control; raw fluorescence unavailable	3	biological replicates (author legend); transduction lineage unspecified	NOT_ESTABLISHED; source row labels retained without pair inference	AUTHOR_REPLICATE_VALUE	710.75197
