condition	module_id	T	T_numerator	T_denominator	raw_median	raw_negative_n	module_n	background_n	fixed_background_LOO_min	fixed_background_LOO_max
PARPi	HAP1.L2.32	0.29844243034575363	44453	148950	-0.755756437011688	7	9	16549	0.2733081570996979	0.39549848942598187
PARPi	HAP1.L2.139	-0.025764350453172206	-1066	41375	-0.0027006972306908867	5	10	16549	-0.05209130580731789	0.013682443773078215
WEE1i	HAP1.L2.32	0.10022155085599195	2488	24825	-0.1242519373622354	6	9	16549	0.05670694864048338	0.16979607250755288
WEE1i	HAP1.L2.139	-0.05396978851963746	-2233	41375	-0.0175343607175628	7	10	16549	-0.07842900302114804	-0.006995636119503189
ATMi	HAP1.L2.32	0.37133937562940583	18437	49650	-0.6868069616735255	9	9	16549	0.3558383685800604	0.42225075528700906
ATMi	HAP1.L2.139	-0.1832205438066465	-30323	165500	0.05358291171538957	4	10	16549	-0.2225243370258476	-0.15088956025511915
ATRi	HAP1.L2.32	0.46992279288351796	13999	29790	-0.5467644075464287	9	9	16549	0.46636706948640483	0.4838141993957704
ATRi	HAP1.L2.139	-0.04747432024169184	-7857	165500	0.05441197726749018	4	10	16549	-0.10075193017791205	0.0002886874790198053
DNAPKi	HAP1.L2.32	0.2735078885532058	40739	148950	-0.2776666619213576	8	9	16549	0.24527190332326285	0.35143504531722053
DNAPKi	HAP1.L2.139	-0.13491238670694863	-5582	41375	0.02650131681554405	3	10	16549	-0.18494125545485063	-0.09997985901309164
gamma_DMSO	HAP1.L2.32	0.2020275260154414	15046	74475	-0.2639043903480092	9	9	16549	0.17327039274924472	0.22941842900302115
gamma_DMSO	HAP1.L2.139	0.011045317220543806	457	41375	-0.09617887141776071	9	10	16549	-0.030480026854649213	0.06037596508895603
