source_gene,source_order,__excel_row,sgID_AB,target,transcript,PRDX1KO::gamma:vehicle_vs_T0|score,PRDX1KO::gamma:vehicle_vs_T0|ttest pvalue,PRDX1KO::gamma:vehicle_vs_T0|BH adj_pvalue,PRDX1KO::gamma:vehicle_vs_T0|combined_score,PRDX1KO::gamma:vehicle_vs_T0|label,PRDX1KO::rho:DNAPKi_vs_vehicle|score,PRDX1KO::rho:DNAPKi_vs_vehicle|ttest pvalue,PRDX1KO::rho:DNAPKi_vs_vehicle|BH adj_pvalue,PRDX1KO::rho:DNAPKi_vs_vehicle|combined_score,PRDX1KO::rho:DNAPKi_vs_vehicle|label,parent::gamma:vehicle_vs_T0|score,parent::gamma:vehicle_vs_T0|ttest pvalue,parent::gamma:vehicle_vs_T0|BH adj_pvalue,parent::gamma:vehicle_vs_T0|combined_score,parent::gamma:vehicle_vs_T0|label,parent::rho:DNAPKi_vs_vehicle|score,parent::rho:DNAPKi_vs_vehicle|ttest pvalue,parent::rho:DNAPKi_vs_vehicle|BH adj_pvalue,parent::rho:DNAPKi_vs_vehicle|combined_score,parent::rho:DNAPKi_vs_vehicle|label,vehicle::gamma:parent_vs_T0|score,vehicle::gamma:parent_vs_T0|ttest pvalue,vehicle::gamma:parent_vs_T0|BH adj_pvalue,vehicle::gamma:parent_vs_T0|combined_score,vehicle::gamma:parent_vs_T0|label,vehicle::rho:PRDX1KO_vs_parent|score,vehicle::rho:PRDX1KO_vs_parent|ttest pvalue,vehicle::rho:PRDX1KO_vs_parent|BH adj_pvalue,vehicle::rho:PRDX1KO_vs_parent|combined_score,vehicle::rho:PRDX1KO_vs_parent|label
MCM4,1,9891,MCM4_-_48873574.23-P1P2|MCM4_+_48873564.23-P1P2,MCM4,P1P2,-7.3272562594988849E-2,0.1391211296021522,0.32114686288989353,-1.34422747464257,target_non_hit,8.5400215748516251E-2,5.8259968518815167E-2,0.36451796867431691,2.093875238863272,target_non_hit,-0.18064060466681051,4.8262852423163142E-3,7.0400121215941483E-2,-9.172820432103995,essential_hit,0.1307934744931222,0.78809618016829219,0.96699670955456929,2.3832687631412691E-2,target_non_hit,-0.18065899627630319,4.7435614740894E-3,6.8515069464247916E-2,-9.1521578319806061,essential_hit,1.246725730270078,2.162589306860796E-2,0.23394540431462221,5.644640834920005,target_non_hit
FANCF,2,5811,FANCF_-_22647359.23-P1P2|FANCF_+_22647176.23-P1P2,FANCF,P1P2,-0.13130319883296651,4.9062743736684221E-3,7.7259651000233062E-2,-6.4937524805456324,essential_hit,3.9923585471938028E-2,0.75684144128728792,0.91011053401348962,9.5929548389427438E-2,target_non_hit,-5.2704047306947943E-2,0.1544707944903663,0.34449686257814549,-0.93718098805398242,target_non_hit,0.34880186929894341,0.52544739454866662,0.91333475499313244,0.17174904104754379,target_non_hit,-5.2722438916440621E-2,0.15734319914379341,0.34242164467863612,-0.92308261072762954,target_non_hit,-0.5371144699193533,0.1168120551319691,0.39376110145799181,-1.36196460819066,target_non_hit
GTF2H5,3,7097,GTF2H5_+_158589422.23-P1P2|GTF2H5_-_158589434.23-P1P2,GTF2H5,P1P2,-0.17921054129501079,2.4730647224938462E-2,0.131172330750781,-6.1668814610812062,essential_hit,0.22119206598065891,1.6994868182046481E-5,0.1473591360105925,20.951449885784822,resistance_hit,-0.14692048853090189,3.275764088769902E-3,6.5145932625377323E-2,-8.0025889534451657,essential_hit,0.14171549214898069,0.89372022770032922,0.98443266912829552,1.2184344477222079E-2,target_non_hit,-0.14693888014039469,3.4264228887522391E-3,6.45696810476446E-2,-7.8963972312932533,essential_hit,-8.6430809249595453E-2,0.71335114467031679,0.86038014889366532,-3.447729009693299E-2,target_non_hit
DDX1,4,4375,DDX1_-_15732017.23-P1P2|DDX1_-_15732021.23-P1P2,DDX1,P1P2,-0.40469250572474857,4.1194079637603133E-4,6.1162691471471083E-2,-29.339644374727101,essential_hit,0.29957497869807198,2.138448472519278E-2,0.28530525294192632,9.9346234463011864,resistance_hit,-0.37724786736889349,1.586193035004654E-2,0.10416454327169419,-14.882975908911851,essential_hit,-0.56062243281653945,0.72078337311656759,0.95473108981665633,-0.14045418251567501,target_non_hit,-0.37726625897838639,1.6039956998814879E-2,0.1014883526453627,-14.76082296332546,essential_hit,1.2032574254262161,6.712856925994945E-2,0.32017255877010692,3.8382674530217802,target_non_hit
DCLRE1B,5,4330,DCLRE1B_+_114448004.23-P1P2|DCLRE1B_+_114448001.23-P1P2,DCLRE1B,P1P2,-0.1680866917986078,8.4654022890132158E-2,0.24614228152388101,-3.8602965943195242,target_non_hit,0.13160624449172409,0.14496227189397939,0.50013455003746599,2.1921059532373022,target_non_hit,-0.46192795553216792,5.7269188295246574E-3,7.3842621005176565E-2,-22.703956380815718,essential_hit,1.6487985954858959,0.34082412614532798,0.87276974816587505,1.3580013235087369,target_non_hit,-0.46194634714166088,5.6780936370391284E-3,7.1713705176799231E-2,-22.615669085215501,essential_hit,3.2153964284614052,1.679431190423568E-4,0.1084208271417641,33.004807419041477,resistance_hit
UBR5,6,17984,UBR5_-_103424582.23-P1P2|UBR5_+_103424940.23-P1P2,UBR5,P1P2,-0.30223993513331732,1.2220911051730621E-2,9.9073896153477489E-2,-12.38206608032805,essential_hit,-0.2922660141208423,1.1764333666146209E-2,0.25178721387550018,-11.198582092299571,sensitivity_hit,-2.1554432754766518E-2,0.74524618559194611,0.84386924484310954,-6.0339915432955998E-2,target_non_hit,-2.2394717098711938,0.158864968769512,0.82599292243062661,-3.1525080844745301,target_non_hit,-2.1572824364259439E-2,0.76158516760627748,0.85286799615603104,-5.5625154958231997E-2,target_non_hit,-2.1814175361515038,3.3137870441300572E-2,0.25553472737541072,-8.7770715624401578,sensitivity_hit
TRIP13,7,17608,TRIP13_+_893079.23-P1P2|TRIP13_-_893070.23-P1P2,TRIP13,P1P2,-0.13500587563821351,9.1861839841006123E-3,9.0416160367424822E-2,-5.889313893251221,target_non_hit,0.13128820731605659,1.060594231127219E-2,0.24820752309085589,5.147864598860922,target_non_hit,-0.2110272899512674,5.3733931709673676E-3,7.2381634203686401E-2,-10.500096794815599,essential_hit,-0.69524823188681528,0.53111524576388369,0.91333475499313244,-0.33663054306303242,target_non_hit,-0.21104568156076009,5.5063365262400304E-3,7.095834700556454E-2,-10.393609737452859,essential_hit,1.006062413667369,3.6754763897619259E-3,0.1975888114858915,6.660584335813434,resistance_hit
DOT1L,8,4755,DOT1L_-_2163964.23-P1P2|DOT1L_+_2164312.23-P1P2,DOT1L,P1P2,-0.27282968003821578,1.1042290171674849E-2,9.5422487681884452E-2,-11.43455131597657,essential_hit,0.1957908749725252,1.6414426846847109E-2,0.2678440515161124,6.9395424935931151,resistance_hit,-0.1317266992323981,3.281064765952138E-2,0.1500995780943479,-4.2852855874240356,target_non_hit,0.76656612988845507,0.18348121379194721,0.83111816883154332,0.99459782043554235,target_non_hit,-0.1317450908418909,3.378137184233751E-2,0.14930799352488969,-4.2256128183809736,target_non_hit,-1.4725131036318591,1.770261595132492E-2,0.22479851080829041,-7.0150112458754839,sensitivity_hit
UHRF1,9,18044,UHRF1_+_4910126.23-P1P2|UHRF1_+_4909924.23-P1P2,UHRF1,P1P2,-0.39035401317483459,2.3273697832245839E-3,7.1256275829407301E-2,-22.013116209617571,essential_hit,0.20187637334980399,5.6020018489368453E-2,0.36026133025692891,5.0179442835101806,target_non_hit,-0.3855247730048062,1.206092186843834E-3,5.8805809962975297E-2,-24.666422224699289,essential_hit,-6.8775192543403807E-2,0.92104801385720436,0.98757569956845859,-4.3280752795648008E-3,target_non_hit,-0.38554316461429922,1.178690896979049E-3,5.7314321535255869E-2,-24.613897946217119,essential_hit,0.6357819777684206,0.2137847237578894,0.50128572660417592,1.1583572548667731,target_non_hit
UBE2V2,10,17954,UBE2V2_-_48921185.23-P1P2|UBE2V2_+_48921037.23-P1P2,UBE2V2,P1P2,-0.15658012758736781,2.085931864188189E-2,0.12243669707581729,-5.6360732454191416,target_non_hit,6.9065927912917394E-2,7.6479230804282303E-2,0.40039704073792248,1.5313016385995779,target_non_hit,-0.23377181622581961,3.5439239799473422E-2,0.1564938353620127,-7.4334589528135169,essential_hit,0.16032855392612669,0.91473112105930166,0.98757569956845859,1.093388317265241E-2,target_non_hit,-0.2337902078353124,3.574310588671066E-2,0.1538942978835911,-7.3736828033349111,essential_hit,0.92962137525918964,5.2784401229812268E-2,0.29631815478604012,3.2293081656753642,target_non_hit
UBE2N,11,17943,UBE2N_+_93835696.23-P1P2|UBE2N_+_93835347.23-P1P2,UBE2N,P1P2,-4.7740275544514231E-2,0.2139423019060584,0.40688682685490202,-0.68472660050076994,target_non_hit,-4.2938123758343863E-3,0.62993548979810687,0.85108261147327191,-1.7114098201173399E-2,target_non_hit,-5.5421816356331463E-2,2.6983292383093351E-2,0.13455154887046619,-1.9061356799357969,target_non_hit,0.3509219132299804,4.5726705572113488E-2,0.7797374219451304,0.8283986072881897,target_non_hit,-5.5440207965824363E-2,2.7624573202925991E-2,0.13355319096788179,-1.883804967558276,target_non_hit,-0.2448972765735852,0.33749383926484022,0.61073645457574066,-0.31414174903048508,target_non_hit
RNF8,12,14278,RNF8_-_37322257.23-P1P2|RNF8_-_37322005.23-P1P2,RNF8,P1P2,,,,,,,,,,,-0.23415761013880559,1.8795283184489159E-2,0.11217315039848159,-8.8595805812710609,essential_hit,-0.35399290917788828,0.61964911680197454,0.93009130088259651,-0.12963803506927379,target_non_hit,,,,,,,,,,
