cohort,R2_rho_sign,R3_rho_sign,N
P380,<0,<0,120
P380,<0,=0,0
P380,<0,>0,119
P380,=0,<0,0
P380,=0,=0,0
P380,=0,>0,0
P380,>0,<0,44
P380,>0,=0,0
P380,>0,>0,97
P380_called12,<0,<0,5
P380_called12,<0,=0,0
P380_called12,<0,>0,5
P380_called12,=0,<0,0
P380_called12,=0,=0,0
P380_called12,=0,>0,0
P380_called12,>0,<0,0
P380_called12,>0,=0,0
P380_called12,>0,>0,2
P380_comparator368,<0,<0,115
P380_comparator368,<0,=0,0
P380_comparator368,<0,>0,114
P380_comparator368,=0,<0,0
P380_comparator368,=0,=0,0
P380_comparator368,=0,>0,0
P380_comparator368,>0,<0,44
P380_comparator368,>0,=0,0
P380_comparator368,>0,>0,95
G_unique,<0,<0,4121
G_unique,<0,=0,0
G_unique,<0,>0,4941
G_unique,=0,<0,0
G_unique,=0,=0,0
G_unique,=0,>0,0
G_unique,>0,<0,3146
G_unique,>0,=0,0
G_unique,>0,>0,3647
