cohort,reference,A_R2,A_R3_median,A_R3_observed_record_lower,A_R3_observed_record_upper,A_R2_at_or_above_reference,A_R3_median_at_or_above_reference,A_R3_observed_record_lower_at_or_above_reference,A_R3_observed_record_upper_at_or_above_reference,meaning
P380,0.5,0.7022192028985508,0.5235507246376812,0.5233242753623188,0.5242300724637681,True,True,True,True,descriptive reference only; no selected success threshold
P380,0.55,0.7022192028985508,0.5235507246376812,0.5233242753623188,0.5242300724637681,True,False,False,False,descriptive reference only; no selected success threshold
P380,0.6,0.7022192028985508,0.5235507246376812,0.5233242753623188,0.5242300724637681,True,False,False,False,descriptive reference only; no selected success threshold
P380,0.65,0.7022192028985508,0.5235507246376812,0.5233242753623188,0.5242300724637681,True,False,False,False,descriptive reference only; no selected success threshold
P380,0.7,0.7022192028985508,0.5235507246376812,0.5233242753623188,0.5242300724637681,True,False,False,False,descriptive reference only; no selected success threshold
S1_P400,0.5,0.7033934707903781,0.5210481099656358,0.5137457044673539,0.5313573883161512,True,True,True,True,descriptive reference only; no selected success threshold
S1_P400,0.55,0.7033934707903781,0.5210481099656358,0.5137457044673539,0.5313573883161512,True,False,False,False,descriptive reference only; no selected success threshold
S1_P400,0.6,0.7033934707903781,0.5210481099656358,0.5137457044673539,0.5313573883161512,True,False,False,False,descriptive reference only; no selected success threshold
S1_P400,0.65,0.7033934707903781,0.5210481099656358,0.5137457044673539,0.5313573883161512,True,False,False,False,descriptive reference only; no selected success threshold
S1_P400,0.7,0.7033934707903781,0.5210481099656358,0.5137457044673539,0.5313573883161512,True,False,False,False,descriptive reference only; no selected success threshold
S2_single_R3_record,0.5,0.7010473588342441,0.5229963570127505,0.5229963570127505,0.5229963570127505,True,True,True,True,descriptive reference only; no selected success threshold
S2_single_R3_record,0.55,0.7010473588342441,0.5229963570127505,0.5229963570127505,0.5229963570127505,True,False,False,False,descriptive reference only; no selected success threshold
S2_single_R3_record,0.6,0.7010473588342441,0.5229963570127505,0.5229963570127505,0.5229963570127505,True,False,False,False,descriptive reference only; no selected success threshold
S2_single_R3_record,0.65,0.7010473588342441,0.5229963570127505,0.5229963570127505,0.5229963570127505,True,False,False,False,descriptive reference only; no selected success threshold
S2_single_R3_record,0.7,0.7010473588342441,0.5229963570127505,0.5229963570127505,0.5229963570127505,True,False,False,False,descriptive reference only; no selected success threshold
S3_no_missing_R3_records,0.5,0.7022192028985508,0.5235507246376812,0.5233242753623188,0.5242300724637681,True,True,True,True,descriptive reference only; no selected success threshold
S3_no_missing_R3_records,0.55,0.7022192028985508,0.5235507246376812,0.5233242753623188,0.5242300724637681,True,False,False,False,descriptive reference only; no selected success threshold
S3_no_missing_R3_records,0.6,0.7022192028985508,0.5235507246376812,0.5233242753623188,0.5242300724637681,True,False,False,False,descriptive reference only; no selected success threshold
S3_no_missing_R3_records,0.65,0.7022192028985508,0.5235507246376812,0.5233242753623188,0.5242300724637681,True,False,False,False,descriptive reference only; no selected success threshold
S3_no_missing_R3_records,0.7,0.7022192028985508,0.5235507246376812,0.5233242753623188,0.5242300724637681,True,False,False,False,descriptive reference only; no selected success threshold
