cohort,source_called_gene,control_gene,within_case_weight,squared_distance,degree_rank_gap,gamma_R2_rank_gap,gamma_R3_rank_gap,degree_q_case,degree_q_control,degree_rank_signed_difference,gamma_R2_q_case,gamma_R2_q_control,gamma_R2_rank_signed_difference,gamma_R3_q_case,gamma_R3_q_control,gamma_R3_rank_signed_difference,R2_tie_credit,R3_tie_credit
P380,DCLRE1B,HUWE1,0.2,0.0016083795013850416,0.011842105263157895,0.03684210526315789,0.010526315789473684,0.8842105263157894,0.8723684210526316,0.011842105263157895,0.9092105263157895,0.9460526315789474,-0.03684210526315789,0.9592105263157895,0.9697368421052631,-0.010526315789473684,0.0,0.0
P380,DCLRE1B,TFPT,0.2,0.003900623268698061,0.017105263157894738,0.05263157894736842,0.02894736842105263,0.8842105263157894,0.9013157894736842,-0.017105263157894738,0.9092105263157895,0.9618421052631579,-0.05263157894736842,0.9592105263157895,0.9881578947368421,-0.02894736842105263,0.0,0.0
P380,DCLRE1B,FANCC,0.2,0.00657202216066482,0.04736842105263158,0.05263157894736842,0.039473684210526314,0.8842105263157894,0.9315789473684211,-0.04736842105263158,0.9092105263157895,0.8565789473684211,0.05263157894736842,0.9592105263157895,0.9197368421052632,0.039473684210526314,0.0,1.0
P380,DCLRE1B,COPS8,0.2,0.007264542936288088,0.060526315789473685,0.04736842105263158,0.03684210526315789,0.8842105263157894,0.9447368421052632,-0.060526315789473685,0.9092105263157895,0.9565789473684211,-0.04736842105263158,0.9592105263157895,0.9960526315789474,-0.03684210526315789,1.0,0.0
P380,DCLRE1B,LIG3,0.2,0.007730263157894737,0.003947368421052632,0.0868421052631579,0.013157894736842105,0.8842105263157894,0.8881578947368421,-0.003947368421052632,0.9092105263157895,0.8223684210526315,0.0868421052631579,0.9592105263157895,0.9723684210526315,-0.013157894736842105,0.0,0.0
P380,DDX1,GTF2H3,0.2,0.0009227839335180056,0.02236842105263158,0.015789473684210527,0.013157894736842105,0.9355263157894737,0.9578947368421052,-0.02236842105263158,0.9828947368421053,0.9671052631578947,0.015789473684210527,0.9223684210526316,0.9355263157894737,-0.013157894736842105,0.0,1.0
P380,DDX1,ASCC3,0.2,0.0012344182825484765,0.02236842105263158,0.013157894736842105,0.02368421052631579,0.9355263157894737,0.9578947368421052,-0.02236842105263158,0.9828947368421053,0.9960526315789474,-0.013157894736842105,0.9223684210526316,0.8986842105263158,0.02368421052631579,0.0,1.0
P380,DDX1,MEAF6,0.2,0.0032202216066481992,0.05263157894736842,0.002631578947368421,0.021052631578947368,0.9355263157894737,0.9881578947368421,-0.05263157894736842,0.9828947368421053,0.9802631578947368,0.002631578947368421,0.9223684210526316,0.9013157894736842,0.021052631578947368,1.0,0.0
P380,DDX1,TRRAP,0.2,0.0032548476454293627,0.05,0.007894736842105263,0.02631578947368421,0.9355263157894737,0.9855263157894737,-0.05,0.9828947368421053,0.975,0.007894736842105263,0.9223684210526316,0.8960526315789473,0.02631578947368421,1.0,1.0
P380,DDX1,BARD1,0.2,0.0036357340720221606,0.05789473684210526,0.013157894736842105,0.010526315789473684,0.9355263157894737,0.993421052631579,-0.05789473684210526,0.9828947368421053,0.9697368421052631,0.013157894736842105,0.9223684210526316,0.9118421052631579,0.010526315789473684,0.0,0.0
P380,DOT1L,ING3,0.2,0.004136080332409972,0.04342105263157895,0.04736842105263158,0.002631578947368421,0.9013157894736842,0.9447368421052632,-0.04342105263157895,0.8118421052631579,0.8592105263157894,-0.04736842105263158,0.756578947368421,0.7592105263157894,-0.002631578947368421,1.0,0.0
P380,DOT1L,RIF1,0.2,0.0077371883656509695,0.009210526315789473,0.031578947368421054,0.08157894736842106,0.9013157894736842,0.9105263157894737,-0.009210526315789473,0.8118421052631579,0.7802631578947369,0.031578947368421054,0.756578947368421,0.675,0.08157894736842106,1.0,0.0
P380,DOT1L,TOP3A,0.2,0.008407202216066481,0.04736842105263158,0.018421052631578946,0.07631578947368421,0.9013157894736842,0.9486842105263158,-0.04736842105263158,0.8118421052631579,0.7934210526315789,0.018421052631578946,0.756578947368421,0.6802631578947368,0.07631578947368421,1.0,1.0
P380,DOT1L,WDR48,0.2,0.011945983379501385,0.08421052631578947,0.06842105263157895,0.013157894736842105,0.9013157894736842,0.8171052631578948,0.08421052631578947,0.8118421052631579,0.743421052631579,0.06842105263157895,0.756578947368421,0.7697368421052632,-0.013157894736842105,1.0,0.0
P380,DOT1L,C11orf30,0.2,0.012515581717451523,0.017105263157894738,0.0868421052631579,0.06842105263157895,0.9013157894736842,0.8842105263157894,0.017105263157894738,0.8118421052631579,0.725,0.0868421052631579,0.756578947368421,0.6881578947368421,0.06842105263157895,1.0,0.0
P380,FANCF,RAD1,0.3333333333333333,0.01824792243767313,0.02368421052631579,0.11842105263157894,0.060526315789473685,0.9394736842105263,0.9631578947368421,-0.02368421052631579,0.13289473684210526,0.2513157894736842,-0.11842105263157894,0.5960526315789474,0.656578947368421,-0.060526315789473685,1.0,0.0
P380,FANCF,ERCC1,0.3333333333333333,0.03245325484764543,0.1118421052631579,0.06315789473684211,0.12631578947368421,0.9394736842105263,0.8276315789473684,0.1118421052631579,0.13289473684210526,0.19605263157894737,-0.06315789473684211,0.5960526315789474,0.4697368421052632,0.12631578947368421,1.0,0.0
P380,FANCF,TRIP12,0.3333333333333333,0.05719702216066482,0.09078947368421053,0.1,0.19736842105263158,0.9394736842105263,0.8486842105263158,0.09078947368421053,0.13289473684210526,0.03289473684210526,0.1,0.5960526315789474,0.3986842105263158,0.19736842105263158,1.0,0.0
P380,GTF2H5,FZR1,0.2,0.01646814404432133,0.021052631578947368,0.0868421052631579,0.09210526315789473,0.9776315789473684,0.9986842105263158,-0.021052631578947368,0.6960526315789474,0.7828947368421053,-0.0868421052631579,0.7776315789473685,0.6855263157894737,0.09210526315789473,1.0,1.0
P380,GTF2H5,BLM,0.2,0.017418628808864266,0.11973684210526316,0.02894736842105263,0.04736842105263158,0.9776315789473684,0.8578947368421053,0.11973684210526316,0.6960526315789474,0.6671052631578948,0.02894736842105263,0.7776315789473685,0.7302631578947368,0.04736842105263158,1.0,1.0
P380,GTF2H5,C11orf30,0.2,0.017570983379501384,0.09342105263157895,0.02894736842105263,0.08947368421052632,0.9776315789473684,0.8842105263157894,0.09342105263157895,0.6960526315789474,0.725,-0.02894736842105263,0.7776315789473685,0.6881578947368421,0.08947368421052632,0.0,0.0
P380,GTF2H5,TOP3A,0.2,0.019799168975069253,0.02894736842105263,0.09736842105263158,0.09736842105263158,0.9776315789473684,0.9486842105263158,0.02894736842105263,0.6960526315789474,0.7934210526315789,-0.09736842105263158,0.7776315789473685,0.6802631578947368,0.09736842105263158,1.0,1.0
P380,GTF2H5,RIF1,0.2,0.02212777008310249,0.06710526315789474,0.08421052631578947,0.10263157894736842,0.9776315789473684,0.9105263157894737,0.06710526315789474,0.6960526315789474,0.7802631578947369,-0.08421052631578947,0.7776315789473685,0.675,0.10263157894736842,1.0,0.0
P380,MCM4,POLR2L,0.2,0.0017313019390581717,0.02368421052631579,0.013157894736842105,0.031578947368421054,0.9276315789473685,0.9513157894736842,-0.02368421052631579,0.9855263157894737,0.9986842105263158,-0.013157894736842105,0.8118421052631579,0.7802631578947369,0.031578947368421054,1.0,0.0
P380,MCM4,POLG2,0.2,0.003325831024930748,0.035526315789473684,0.007894736842105263,0.04473684210526316,0.9276315789473685,0.8921052631578947,0.035526315789473684,0.9855263157894737,0.9776315789473684,0.007894736842105263,0.8118421052631579,0.8565789473684211,-0.04473684210526316,0.0,1.0
P380,MCM4,MEN1,0.2,0.004787049861495845,0.003947368421052632,0.05263157894736842,0.04473684210526316,0.9276315789473685,0.9315789473684211,-0.003947368421052632,0.9855263157894737,0.9328947368421052,0.05263157894736842,0.8118421052631579,0.7671052631578947,0.04473684210526316,0.0,1.0
P380,MCM4,PPP4C,0.2,0.0057409972299168974,0.06842105263157895,0.031578947368421054,0.007894736842105263,0.9276315789473685,0.9960526315789474,-0.06842105263157895,0.9855263157894737,0.9539473684210527,0.031578947368421054,0.8118421052631579,0.8039473684210526,0.007894736842105263,0.0,1.0
P380,MCM4,UBE2D3,0.2,0.0069390581717451525,0.010526315789473684,0.06578947368421052,0.05,0.9276315789473685,0.9171052631578948,0.010526315789473684,0.9855263157894737,0.9197368421052632,0.06578947368421052,0.8118421052631579,0.8618421052631579,-0.05,0.0,0.0
P380,RNF8,UBE2D3,0.2,0.0012344182825484765,0.02236842105263158,0.02368421052631579,0.013157894736842105,0.9394736842105263,0.9171052631578948,0.02236842105263158,0.8960526315789473,0.9197368421052632,-0.02368421052631579,0.8486842105263158,0.8618421052631579,-0.013157894736842105,0.0,0.0
P380,RNF8,NFRKB,0.2,0.0018074792243767312,0.042105263157894736,0.002631578947368421,0.005263157894736842,0.9394736842105263,0.9815789473684211,-0.042105263157894736,0.8960526315789473,0.8986842105263158,-0.002631578947368421,0.8486842105263158,0.8539473684210527,-0.005263157894736842,0.0,1.0
P380,RNF8,UCHL5,0.2,0.004944598337950139,0.060526315789473685,0.034210526315789476,0.010526315789473684,0.9394736842105263,0.8789473684210526,0.060526315789473685,0.8960526315789473,0.8618421052631579,0.034210526315789476,0.8486842105263158,0.8592105263157894,-0.010526315789473684,1.0,1.0
P380,RNF8,FANCC,0.2,0.006668975069252078,0.007894736842105263,0.039473684210526314,0.07105263157894737,0.9394736842105263,0.9315789473684211,0.007894736842105263,0.8960526315789473,0.8565789473684211,0.039473684210526314,0.8486842105263158,0.9197368421052632,-0.07105263157894737,1.0,1.0
P380,RNF8,MEN1,0.2,0.008074792243767313,0.007894736842105263,0.03684210526315789,0.08157894736842106,0.9394736842105263,0.9315789473684211,0.007894736842105263,0.8960526315789473,0.9328947368421052,-0.03684210526315789,0.8486842105263158,0.7671052631578947,0.08157894736842106,0.0,1.0
P380,TRIP13,POLG2,0.2,0.0034210526315789475,0.034210526315789476,0.039473684210526314,0.02631578947368421,0.8578947368421053,0.8921052631578947,-0.034210526315789476,0.9381578947368421,0.9776315789473684,-0.039473684210526314,0.8302631578947368,0.8565789473684211,-0.02631578947368421,1.0,1.0
P380,TRIP13,NSMCE2,0.2,0.0042174515235457065,0.05789473684210526,0.02631578947368421,0.013157894736842105,0.8578947368421053,0.8,0.05789473684210526,0.9381578947368421,0.9118421052631579,0.02631578947368421,0.8302631578947368,0.8171052631578948,0.013157894736842105,1.0,1.0
P380,TRIP13,MAD2L2,0.2,0.004461565096952908,0.04078947368421053,0.005263157894736842,0.05263157894736842,0.8578947368421053,0.8171052631578948,0.04078947368421053,0.9381578947368421,0.9434210526315789,-0.005263157894736842,0.8302631578947368,0.8828947368421053,-0.05263157894736842,1.0,1.0
P380,TRIP13,UBE2D3,0.2,0.004842451523545706,0.05921052631578947,0.018421052631578946,0.031578947368421054,0.8578947368421053,0.9171052631578948,-0.05921052631578947,0.9381578947368421,0.9197368421052632,0.018421052631578946,0.8302631578947368,0.8618421052631579,-0.031578947368421054,1.0,0.0
P380,TRIP13,CDC7,0.2,0.0051956371191135735,0.011842105263157895,0.05526315789473684,0.04473684210526316,0.8578947368421053,0.8697368421052631,-0.011842105263157895,0.9381578947368421,0.993421052631579,-0.05526315789473684,0.8302631578947368,0.875,-0.04473684210526316,1.0,0.0
P380,UBE2N,XRCC1,0.2,0.006952908587257617,0.015789473684210527,0.05789473684210526,0.05789473684210526,0.7842105263157895,0.7684210526315789,0.015789473684210527,0.48289473684210527,0.5407894736842105,-0.05789473684210526,0.6092105263157894,0.6671052631578948,-0.05789473684210526,0.0,0.0
P380,UBE2N,WHSC1,0.2,0.009826869806094183,0.06578947368421052,0.06578947368421052,0.034210526315789476,0.7842105263157895,0.718421052631579,0.06578947368421052,0.48289473684210527,0.41710526315789476,0.06578947368421052,0.6092105263157894,0.575,0.034210526315789476,0.0,0.0
P380,UBE2N,SLX4,0.2,0.015070983379501385,0.056578947368421055,0.06578947368421052,0.0868421052631579,0.7842105263157895,0.8407894736842105,-0.056578947368421055,0.48289473684210527,0.5486842105263158,-0.06578947368421052,0.6092105263157894,0.6960526315789474,-0.0868421052631579,1.0,0.0
P380,UBE2N,ASCC2,0.2,0.015083102493074792,0.031578947368421054,0.11842105263157894,0.007894736842105263,0.7842105263157895,0.7526315789473684,0.031578947368421054,0.48289473684210527,0.6013157894736842,-0.11842105263157894,0.6092105263157894,0.6013157894736842,0.007894736842105263,0.0,1.0
P380,UBE2N,NUDT16L1,0.2,0.015159279778393351,0.09736842105263158,0.015789473684210527,0.07368421052631578,0.7842105263157895,0.6868421052631579,0.09736842105263158,0.48289473684210527,0.46710526315789475,0.015789473684210527,0.6092105263157894,0.5355263157894737,0.07368421052631578,1.0,0.0
P380,UBE2V2,SUMO1,0.2,0.006199792243767313,0.02763157894736842,0.060526315789473685,0.042105263157894736,0.9539473684210527,0.9815789473684211,-0.02763157894736842,0.36973684210526314,0.3092105263157895,0.060526315789473685,0.8460526315789474,0.8881578947368421,-0.042105263157894736,0.0,0.0
P380,UBE2V2,MUM1,0.2,0.014094529085872576,0.09078947368421053,0.06842105263157895,0.034210526315789476,0.9539473684210527,0.8631578947368421,0.09078947368421053,0.36973684210526314,0.3013157894736842,0.06842105263157895,0.8460526315789474,0.8802631578947369,-0.034210526315789476,1.0,1.0
P380,UBE2V2,INO80E,0.2,0.037342451523545706,0.009210526315789473,0.1736842105263158,0.08421052631578947,0.9539473684210527,0.9631578947368421,-0.009210526315789473,0.36973684210526314,0.5434210526315789,-0.1736842105263158,0.8460526315789474,0.7618421052631579,0.08421052631578947,0.0,1.0
P380,UBE2V2,RAD50,0.2,0.040202562326869806,0.17763157894736842,0.039473684210526314,0.08421052631578947,0.9539473684210527,0.7763157894736842,0.17763157894736842,0.36973684210526314,0.33026315789473687,0.039473684210526314,0.8460526315789474,0.9302631578947368,-0.08421052631578947,0.0,0.0
P380,UBE2V2,RAD1,0.2,0.05000865650969529,0.009210526315789473,0.11842105263157894,0.18947368421052632,0.9539473684210527,0.9631578947368421,-0.009210526315789473,0.36973684210526314,0.2513157894736842,0.11842105263157894,0.8460526315789474,0.656578947368421,0.18947368421052632,0.0,0.0
P380,UBR5,OBFC1,0.2,0.003852146814404432,0.046052631578947366,0.034210526315789476,0.02368421052631579,0.7894736842105263,0.8355263157894737,-0.046052631578947366,0.6644736842105263,0.6302631578947369,0.034210526315789476,0.4381578947368421,0.4144736842105263,0.02368421052631579,1.0,1.0
P380,UBR5,SMARCAL1,0.2,0.004189750692520776,0.03684210526315789,0.007894736842105263,0.05263157894736842,0.7894736842105263,0.7526315789473684,0.03684210526315789,0.6644736842105263,0.656578947368421,0.007894736842105263,0.4381578947368421,0.38552631578947366,0.05263157894736842,1.0,1.0
P380,UBR5,PIF1,0.2,0.005581717451523546,0.03684210526315789,0.034210526315789476,0.05526315789473684,0.7894736842105263,0.7526315789473684,0.03684210526315789,0.6644736842105263,0.6986842105263158,-0.034210526315789476,0.4381578947368421,0.3828947368421053,0.05526315789473684,1.0,1.0
P380,UBR5,UBC,0.2,0.01742382271468144,0.03684210526315789,0.09473684210526316,0.08421052631578947,0.7894736842105263,0.7526315789473684,0.03684210526315789,0.6644736842105263,0.5697368421052632,0.09473684210526316,0.4381578947368421,0.5223684210526316,-0.08421052631578947,1.0,1.0
P380,UBR5,SWSAP1,0.2,0.02064404432132964,0.12105263157894737,0.02368421052631579,0.07368421052631578,0.7894736842105263,0.6684210526315789,0.12105263157894737,0.6644736842105263,0.6407894736842106,0.02368421052631579,0.4381578947368421,0.5118421052631579,-0.07368421052631578,1.0,1.0
P380,UHRF1,FANCC,0.2,0.0014629501385041552,0.035526315789473684,0.013157894736842105,0.005263157894736842,0.9671052631578947,0.9315789473684211,0.035526315789473684,0.8697368421052631,0.8565789473684211,0.013157894736842105,0.925,0.9197368421052632,0.005263157894736842,1.0,1.0
P380,UHRF1,UBE2B,0.2,0.0027770083102493077,0.005263157894736842,0.015789473684210527,0.05,0.9671052631578947,0.9723684210526315,-0.005263157894736842,0.8697368421052631,0.8539473684210527,0.015789473684210527,0.925,0.975,-0.05,1.0,0.0
P380,UHRF1,NFRKB,0.2,0.006095914127423822,0.014473684210526316,0.02894736842105263,0.07105263157894737,0.9671052631578947,0.9815789473684211,-0.014473684210526316,0.8697368421052631,0.8986842105263158,-0.02894736842105263,0.925,0.8539473684210527,0.07105263157894737,1.0,1.0
P380,UHRF1,UBE2D3,0.2,0.008988919667590028,0.05,0.05,0.06315789473684211,0.9671052631578947,0.9171052631578948,0.05,0.8697368421052631,0.9197368421052632,-0.05,0.925,0.8618421052631579,0.06315789473684211,0.0,0.0
P380,UHRF1,GTF2H3,0.2,0.009676246537396122,0.009210526315789473,0.09736842105263158,0.010526315789473684,0.9671052631578947,0.9578947368421052,0.009210526315789473,0.8697368421052631,0.9671052631578947,-0.09736842105263158,0.925,0.9355263157894737,-0.010526315789473684,0.0,1.0
S1_P400,DCLRE1B,HUWE1,0.2,0.0014515625,0.01125,0.035,0.01,0.89,0.87875,0.01125,0.91125,0.94625,-0.035,0.96125,0.97125,-0.01,0.0,0.0
S1_P400,DCLRE1B,TFPT,0.2,0.0035203125,0.01625,0.05,0.0275,0.89,0.90625,-0.01625,0.91125,0.96125,-0.05,0.96125,0.98875,-0.0275,0.0,0.0
S1_P400,DCLRE1B,FANCC,0.2,0.00593125,0.045,0.05,0.0375,0.89,0.935,-0.045,0.91125,0.86125,0.05,0.96125,0.92375,0.0375,0.0,1.0
S1_P400,DCLRE1B,COPS8,0.2,0.00655625,0.0575,0.045,0.035,0.89,0.9475,-0.0575,0.91125,0.95625,-0.045,0.96125,0.99625,-0.035,1.0,0.0
S1_P400,DCLRE1B,LIG3,0.2,0.0073953125,0.00375,0.085,0.0125,0.89,0.89375,-0.00375,0.91125,0.82625,0.085,0.96125,0.97375,-0.0125,0.0,0.0
S1_P400,DDX1,GTF2H3,0.2,0.0008328125,0.02125,0.015,0.0125,0.93875,0.96,-0.02125,0.98125,0.96625,0.015,0.92625,0.93875,-0.0125,0.0,1.0
S1_P400,DDX1,ASCC3,0.2,0.0011140625,0.02125,0.0125,0.0225,0.93875,0.96,-0.02125,0.98125,0.99375,-0.0125,0.92625,0.90375,0.0225,0.0,1.0
S1_P400,DDX1,MEAF6,0.2,0.00290625,0.05,0.0025,0.02,0.93875,0.98875,-0.05,0.98125,0.97875,0.0025,0.92625,0.90625,0.02,1.0,0.0
S1_P400,DDX1,TRRAP,0.2,0.0029375,0.0475,0.0075,0.025,0.93875,0.98625,-0.0475,0.98125,0.97375,0.0075,0.92625,0.90125,0.025,1.0,1.0
S1_P400,DDX1,BARD1,0.2,0.00328125,0.055,0.0125,0.01,0.93875,0.99375,-0.055,0.98125,0.96875,0.0125,0.92625,0.91625,0.01,0.0,0.0
S1_P400,DOT1L,ING3,0.2,0.0039640625,0.04125,0.0475,0.0025,0.90625,0.9475,-0.04125,0.81625,0.86375,-0.0475,0.76375,0.76625,-0.0025,1.0,0.0
S1_P400,DOT1L,RIF1,0.2,0.0082015625,0.00875,0.03,0.085,0.90625,0.915,-0.00875,0.81625,0.78625,0.03,0.76375,0.67875,0.085,1.0,0.0
S1_P400,DOT1L,TOP3A,0.2,0.00873125,0.045,0.0175,0.08,0.90625,0.95125,-0.045,0.81625,0.79875,0.0175,0.76375,0.68375,0.08,1.0,1.0
S1_P400,DOT1L,WDR48,0.2,0.0111875,0.0825,0.065,0.0125,0.90625,0.82375,0.0825,0.81625,0.75125,0.065,0.76375,0.77625,-0.0125,1.0,0.0
S1_P400,DOT1L,C11orf30,0.2,0.0123265625,0.01625,0.0825,0.0725,0.90625,0.89,0.01625,0.81625,0.73375,0.0825,0.76375,0.69125,0.0725,1.0,0.0
S1_P400,FANCF,RAD1,0.3333333333333333,0.01973125,0.0225,0.125,0.06,0.9425,0.965,-0.0225,0.14125,0.26625,-0.125,0.59875,0.65875,-0.06,1.0,0.0
S1_P400,FANCF,ERCC1,0.3333333333333333,0.0317328125,0.10875,0.07,0.1225,0.9425,0.83375,0.10875,0.14125,0.21125,-0.07,0.59875,0.47625,0.1225,1.0,0.0
S1_P400,FANCF,TRIP12,0.3333333333333333,0.0565953125,0.08625,0.11,0.1925,0.9425,0.85625,0.08625,0.14125,0.03125,0.11,0.59875,0.40625,0.1925,1.0,0.0
S1_P400,GTF2H5,BLM,0.2,0.0160953125,0.11375,0.03,0.0475,0.97875,0.865,0.11375,0.70625,0.67625,0.03,0.78375,0.73625,0.0475,1.0,1.0
S1_P400,GTF2H5,FZR1,0.2,0.01623125,0.02,0.0825,0.095,0.97875,0.99875,-0.02,0.70625,0.78875,-0.0825,0.78375,0.68875,0.095,1.0,1.0
S1_P400,GTF2H5,C11orf30,0.2,0.0171890625,0.08875,0.0275,0.0925,0.97875,0.89,0.08875,0.70625,0.73375,-0.0275,0.78375,0.69125,0.0925,0.0,0.0
S1_P400,GTF2H5,TOP3A,0.2,0.0193125,0.0275,0.0925,0.1,0.97875,0.95125,0.0275,0.70625,0.79875,-0.0925,0.78375,0.68375,0.1,1.0,1.0
S1_P400,GTF2H5,FOXM1,0.2,0.02075625,0.1275,0.06,0.03,0.97875,0.85125,0.1275,0.70625,0.64625,0.06,0.78375,0.75375,0.03,0.0,0.0
S1_P400,MCM4,POLR2L,0.2,0.00171875,0.0225,0.0125,0.0325,0.93125,0.95375,-0.0225,0.98375,0.99625,-0.0125,0.81875,0.78625,0.0325,1.0,0.0
S1_P400,MCM4,POLG2,0.2,0.0032203125,0.03375,0.0075,0.045,0.93125,0.8975,0.03375,0.98375,0.97625,0.0075,0.81875,0.86375,-0.045,0.0,1.0
S1_P400,MCM4,MEN1,0.2,0.0045390625,0.00375,0.05,0.045,0.93125,0.935,-0.00375,0.98375,0.93375,0.05,0.81875,0.77375,0.045,0.0,1.0
S1_P400,MCM4,PPP4C,0.2,0.00518125,0.065,0.03,0.0075,0.93125,0.99625,-0.065,0.98375,0.95375,0.03,0.81875,0.81125,0.0075,0.0,1.0
S1_P400,MCM4,UBE2D3,0.2,0.00650625,0.01,0.0625,0.05,0.93125,0.92125,0.01,0.98375,0.92125,0.0625,0.81875,0.86875,-0.05,0.0,0.0
S1_P400,RNF8,UBE2D3,0.2,0.0011828125,0.02125,0.0225,0.015,0.9425,0.92125,0.02125,0.89875,0.92125,-0.0225,0.85375,0.86875,-0.015,0.0,0.0
S1_P400,RNF8,NFRKB,0.2,0.0016625,0.04,0.0025,0.0075,0.9425,0.9825,-0.04,0.89875,0.90125,-0.0025,0.85375,0.86125,-0.0075,0.0,1.0
S1_P400,RNF8,UCHL5,0.2,0.00451875,0.0575,0.0325,0.0125,0.9425,0.885,0.0575,0.89875,0.86625,0.0325,0.85375,0.86625,-0.0125,1.0,1.0
S1_P400,RNF8,FANCC,0.2,0.0063625,0.0075,0.0375,0.07,0.9425,0.935,0.0075,0.89875,0.86125,0.0375,0.85375,0.92375,-0.07,1.0,1.0
S1_P400,RNF8,MEN1,0.2,0.00768125,0.0075,0.035,0.08,0.9425,0.935,0.0075,0.89875,0.93375,-0.035,0.85375,0.77375,0.08,0.0,1.0
S1_P400,TRIP13,POLG2,0.2,0.00321875,0.0325,0.0375,0.0275,0.865,0.8975,-0.0325,0.93875,0.97625,-0.0375,0.83625,0.86375,-0.0275,1.0,1.0
S1_P400,TRIP13,NSMCE2,0.2,0.0040875,0.0575,0.025,0.0125,0.865,0.8075,0.0575,0.93875,0.91375,0.025,0.83625,0.82375,0.0125,1.0,1.0
S1_P400,TRIP13,MAD2L2,0.2,0.0044828125,0.04125,0.005,0.0525,0.865,0.82375,0.04125,0.93875,0.94375,-0.005,0.83625,0.88875,-0.0525,1.0,1.0
S1_P400,TRIP13,UBE2D3,0.2,0.0045265625,0.05625,0.0175,0.0325,0.865,0.92125,-0.05625,0.93875,0.92125,0.0175,0.83625,0.86875,-0.0325,1.0,0.0
S1_P400,TRIP13,CDC7,0.2,0.0049078125,0.01125,0.0525,0.045,0.865,0.87625,-0.01125,0.93875,0.99125,-0.0525,0.83625,0.88125,-0.045,1.0,0.0
S1_P400,UBE2N,XRCC1,0.2,0.00685,0.015,0.055,0.06,0.7925,0.7775,0.015,0.48875,0.54375,-0.055,0.61125,0.67125,-0.06,0.0,0.0
S1_P400,UBE2N,WHSC1,0.2,0.0096703125,0.06625,0.065,0.0325,0.7925,0.72625,0.06625,0.48875,0.42375,0.065,0.61125,0.57875,0.0325,0.0,0.0
S1_P400,UBE2N,SLX4,0.2,0.0147265625,0.05625,0.0625,0.0875,0.7925,0.84875,-0.05625,0.48875,0.55125,-0.0625,0.61125,0.69875,-0.0875,1.0,0.0
S1_P400,UBE2N,NUDT16L1,0.2,0.0149875,0.0975,0.015,0.0725,0.7925,0.695,0.0975,0.48875,0.47375,0.015,0.61125,0.53875,0.0725,1.0,0.0
S1_P400,UBE2N,UBC,0.2,0.0150078125,0.03125,0.0825,0.085,0.7925,0.76125,0.03125,0.48875,0.57125,-0.0825,0.61125,0.52625,0.085,1.0,0.0
S1_P400,UBE2V2,SUMO1,0.2,0.0058015625,0.02625,0.0575,0.0425,0.95625,0.9825,-0.02625,0.37875,0.32125,0.0575,0.85125,0.89375,-0.0425,0.0,0.0
S1_P400,UBE2V2,MUM1,0.2,0.0128890625,0.08625,0.065,0.035,0.95625,0.87,0.08625,0.37875,0.31375,0.065,0.85125,0.88625,-0.035,1.0,1.0
S1_P400,UBE2V2,INO80E,0.2,0.0349390625,0.00875,0.1675,0.0825,0.95625,0.965,-0.00875,0.37875,0.54625,-0.1675,0.85125,0.76875,0.0825,0.0,1.0
S1_P400,UBE2V2,RAD50,0.2,0.0375390625,0.17125,0.0375,0.0825,0.95625,0.785,0.17125,0.37875,0.34125,0.0375,0.85125,0.93375,-0.0825,0.0,0.0
S1_P400,UBE2V2,RAD1,0.2,0.0497890625,0.00875,0.1125,0.1925,0.95625,0.965,-0.00875,0.37875,0.26625,0.1125,0.85125,0.65875,0.1925,0.0,0.0
S1_P400,UBR5,OBFC1,0.2,0.0038203125,0.04625,0.0325,0.025,0.7975,0.84375,-0.04625,0.67375,0.64125,0.0325,0.44625,0.42125,0.025,1.0,1.0
S1_P400,UBR5,SMARCAL1,0.2,0.0049703125,0.03625,0.0075,0.06,0.7975,0.76125,0.03625,0.67375,0.66625,0.0075,0.44625,0.38625,0.06,1.0,1.0
S1_P400,UBR5,PIF1,0.2,0.0064453125,0.03625,0.035,0.0625,0.7975,0.76125,0.03625,0.67375,0.70875,-0.035,0.44625,0.38375,0.0625,1.0,1.0
S1_P400,UBR5,UBC,0.2,0.0182203125,0.03625,0.1025,0.08,0.7975,0.76125,0.03625,0.67375,0.57125,0.1025,0.44625,0.52625,-0.08,1.0,1.0
S1_P400,UBR5,SWSAP1,0.2,0.01980625,0.12,0.0225,0.07,0.7975,0.6775,0.12,0.67375,0.65125,0.0225,0.44625,0.51625,-0.07,1.0,1.0
S1_P400,UHRF1,FANCC,0.2,0.0013203125,0.03375,0.0125,0.005,0.96875,0.935,0.03375,0.87375,0.86125,0.0125,0.92875,0.92375,0.005,1.0,1.0
S1_P400,UHRF1,UBE2B,0.2,0.00250625,0.005,0.015,0.0475,0.96875,0.97375,-0.005,0.87375,0.85875,0.015,0.92875,0.97625,-0.0475,1.0,0.0
S1_P400,UHRF1,NFRKB,0.2,0.0055015625,0.01375,0.0275,0.0675,0.96875,0.9825,-0.01375,0.87375,0.90125,-0.0275,0.92875,0.86125,0.0675,1.0,1.0
S1_P400,UHRF1,UBE2D3,0.2,0.0081125,0.0475,0.0475,0.06,0.96875,0.92125,0.0475,0.87375,0.92125,-0.0475,0.92875,0.86875,0.06,0.0,0.0
S1_P400,UHRF1,GTF2H3,0.2,0.0087328125,0.00875,0.0925,0.01,0.96875,0.96,0.00875,0.87375,0.96625,-0.0925,0.92875,0.93875,-0.01,0.0,1.0
S2_single_R3_record,DCLRE1B,HUWE1,0.2,0.0016254444164497074,0.011904761904761904,0.037037037037037035,0.010582010582010581,0.8835978835978836,0.8716931216931217,0.011904761904761904,0.9087301587301587,0.9457671957671958,-0.037037037037037035,0.958994708994709,0.9695767195767195,-0.010582010582010581,0.0,0.0
S2_single_R3_record,DCLRE1B,TFPT,0.2,0.003942008902326362,0.017195767195767195,0.05291005291005291,0.0291005291005291,0.8835978835978836,0.9007936507936508,-0.017195767195767195,0.9087301587301587,0.9616402116402116,-0.05291005291005291,0.958994708994709,0.9880952380952381,-0.0291005291005291,0.0,0.0
S2_single_R3_record,DCLRE1B,FANCC,0.2,0.006641751350746059,0.047619047619047616,0.05291005291005291,0.03968253968253968,0.8835978835978836,0.9312169312169312,-0.047619047619047616,0.9087301587301587,0.8558201058201058,0.05291005291005291,0.958994708994709,0.9193121693121693,0.03968253968253968,0.0,1.0
S2_single_R3_record,DCLRE1B,COPS8,0.2,0.0073416197754822094,0.06084656084656084,0.047619047619047616,0.037037037037037035,0.8835978835978836,0.9444444444444444,-0.06084656084656084,0.9087301587301587,0.9563492063492064,-0.047619047619047616,0.958994708994709,0.996031746031746,-0.037037037037037035,1.0,0.0
S2_single_R3_record,DCLRE1B,LIG3,0.2,0.00781228129111727,0.003968253968253968,0.0873015873015873,0.013227513227513227,0.8835978835978836,0.8875661375661376,-0.003968253968253968,0.9087301587301587,0.8214285714285714,0.0873015873015873,0.958994708994709,0.9722222222222222,-0.013227513227513227,0.0,0.0
S2_single_R3_record,DDX1,GTF2H3,0.2,0.0009325746759609193,0.022486772486772486,0.015873015873015872,0.013227513227513227,0.9351851851851852,0.9576719576719577,-0.022486772486772486,0.9828042328042328,0.966931216931217,0.015873015873015872,0.921957671957672,0.9351851851851852,-0.013227513227513227,0.0,1.0
S2_single_R3_record,DDX1,ASCC3,0.2,0.0012475154670921866,0.022486772486772486,0.013227513227513227,0.023809523809523808,0.9351851851851852,0.9576719576719577,-0.022486772486772486,0.9828042328042328,0.996031746031746,-0.013227513227513227,0.921957671957672,0.8981481481481481,0.023809523809523808,0.0,1.0
S2_single_R3_record,DDX1,MEAF6,0.2,0.003254388175023096,0.05291005291005291,0.0026455026455026454,0.021164021164021163,0.9351851851851852,0.9880952380952381,-0.05291005291005291,0.9828042328042328,0.9801587301587301,0.0026455026455026454,0.921957671957672,0.9007936507936508,0.021164021164021163,1.0,0.0
S2_single_R3_record,DDX1,TRRAP,0.2,0.003289381596259903,0.05026455026455026,0.007936507936507936,0.026455026455026454,0.9351851851851852,0.9854497354497355,-0.05026455026455026,0.9828042328042328,0.9748677248677249,0.007936507936507936,0.921957671957672,0.8955026455026455,0.026455026455026454,1.0,1.0
S2_single_R3_record,DDX1,BARD1,0.2,0.0036743092298647854,0.0582010582010582,0.013227513227513227,0.010582010582010581,0.9351851851851852,0.9933862433862434,-0.0582010582010582,0.9828042328042328,0.9695767195767195,0.013227513227513227,0.921957671957672,0.9113756613756614,0.010582010582010581,0.0,0.0
S2_single_R3_record,DOT1L,ING3,0.2,0.0041799641667366536,0.04365079365079365,0.047619047619047616,0.0026455026455026454,0.9007936507936508,0.9444444444444444,-0.04365079365079365,0.8108465608465608,0.8584656084656085,-0.047619047619047616,0.7552910052910053,0.7579365079365079,-0.0026455026455026454,1.0,0.0
S2_single_R3_record,DOT1L,RIF1,0.2,0.007819279975364631,0.009259259259259259,0.031746031746031744,0.082010582010582,0.9007936507936508,0.91005291005291,-0.009259259259259259,0.8108465608465608,0.7791005291005291,0.031746031746031744,0.7552910052910053,0.6732804232804233,0.082010582010582,1.0,0.0
S2_single_R3_record,DOT1L,TOP3A,0.2,0.008496402676296855,0.047619047619047616,0.018518518518518517,0.07671957671957672,0.9007936507936508,0.9484126984126984,-0.047619047619047616,0.8108465608465608,0.7923280423280423,0.018518518518518517,0.7552910052910053,0.6785714285714286,0.07671957671957672,1.0,1.0
S2_single_R3_record,DOT1L,WDR48,0.2,0.01207273032669858,0.08465608465608465,0.06878306878306878,0.013227513227513227,0.9007936507936508,0.8161375661375662,0.08465608465608465,0.8108465608465608,0.7420634920634921,0.06878306878306878,0.7552910052910053,0.7685185185185185,-0.013227513227513227,1.0,0.0
S2_single_R3_record,DOT1L,C11orf30,0.2,0.012648372106044064,0.017195767195767195,0.0873015873015873,0.06878306878306878,0.9007936507936508,0.8835978835978836,0.017195767195767195,0.8108465608465608,0.7235449735449735,0.0873015873015873,0.7552910052910053,0.6865079365079365,0.06878306878306878,1.0,0.0
S2_single_R3_record,FANCF,RAD1,0.3333333333333333,0.018441532991797543,0.023809523809523808,0.11904761904761904,0.06084656084656084,0.9391534391534392,0.9629629629629629,-0.023809523809523808,0.13095238095238096,0.25,-0.11904761904761904,0.593915343915344,0.6547619047619048,-0.06084656084656084,1.0,0.0
S2_single_R3_record,FANCF,ERCC1,0.3333333333333333,0.03279758405419781,0.11243386243386243,0.06349206349206349,0.12698412698412698,0.9391534391534392,0.8267195767195767,0.11243386243386243,0.13095238095238096,0.19444444444444445,-0.06349206349206349,0.593915343915344,0.4669312169312169,0.12698412698412698,1.0,0.0
S2_single_R3_record,FANCF,TRIP12,0.3333333333333333,0.056236177598611464,0.09126984126984126,0.09788359788359788,0.19576719576719576,0.9391534391534392,0.8478835978835979,0.09126984126984126,0.13095238095238096,0.03306878306878307,0.09788359788359788,0.593915343915344,0.39814814814814814,0.19576719576719576,1.0,0.0
S2_single_R3_record,GTF2H5,FZR1,0.2,0.01618795666414714,0.021164021164021163,0.08465608465608465,0.09259259259259259,0.9775132275132276,0.9986772486772487,-0.021164021164021163,0.6970899470899471,0.7817460317460317,-0.08465608465608465,0.7764550264550265,0.6838624338624338,0.09259259259259259,1.0,1.0
S2_single_R3_record,GTF2H5,BLM,0.2,0.017603440553176003,0.12037037037037036,0.0291005291005291,0.047619047619047616,0.9775132275132276,0.8571428571428571,0.12037037037037036,0.6970899470899471,0.667989417989418,0.0291005291005291,0.7764550264550265,0.7288359788359788,0.047619047619047616,1.0,1.0
S2_single_R3_record,GTF2H5,C11orf30,0.2,0.017610439237423364,0.09391534391534391,0.026455026455026454,0.08994708994708994,0.9775132275132276,0.8835978835978836,0.09391534391534391,0.6970899470899471,0.7235449735449735,-0.026455026455026454,0.7764550264550265,0.6865079365079365,0.08994708994708994,0.0,0.0
S2_single_R3_record,GTF2H5,TOP3A,0.2,0.019498334313149127,0.0291005291005291,0.09523809523809523,0.09788359788359788,0.9775132275132276,0.9484126984126984,0.0291005291005291,0.6970899470899471,0.7923280423280423,-0.09523809523809523,0.7764550264550265,0.6785714285714286,0.09788359788359788,1.0,1.0
S2_single_R3_record,GTF2H5,RIF1,0.2,0.021921628733798045,0.06746031746031746,0.082010582010582,0.10317460317460317,0.9775132275132276,0.91005291005291,0.06746031746031746,0.6970899470899471,0.7791005291005291,-0.082010582010582,0.7764550264550265,0.6732804232804233,0.10317460317460317,1.0,0.0
S2_single_R3_record,MCM4,POLR2L,0.2,0.001749671061840374,0.023809523809523808,0.013227513227513227,0.031746031746031744,0.9272486772486772,0.951058201058201,-0.023809523809523808,0.9854497354497355,0.9986772486772487,-0.013227513227513227,0.8108465608465608,0.7791005291005291,0.031746031746031744,1.0,0.0
S2_single_R3_record,MCM4,POLG2,0.2,0.0033611181097953583,0.03571428571428571,0.007936507936507936,0.04497354497354497,0.9272486772486772,0.8915343915343915,0.03571428571428571,0.9854497354497355,0.9775132275132276,0.007936507936507936,0.8108465608465608,0.8558201058201058,-0.04497354497354497,0.0,1.0
S2_single_R3_record,MCM4,MEN1,0.2,0.004837840485988634,0.003968253968253968,0.05291005291005291,0.04497354497354497,0.9272486772486772,0.9312169312169312,-0.003968253968253968,0.9854497354497355,0.9325396825396826,0.05291005291005291,0.8108465608465608,0.7658730158730159,0.04497354497354497,0.0,1.0
S2_single_R3_record,MCM4,PPP4C,0.2,0.00580190924106268,0.06878306878306878,0.031746031746031744,0.007936507936507936,0.9272486772486772,0.996031746031746,-0.06878306878306878,0.9854497354497355,0.9537037037037037,0.031746031746031744,0.8108465608465608,0.8029100529100529,0.007936507936507936,0.0,1.0
S2_single_R3_record,MCM4,UBE2D3,0.2,0.007012681615856219,0.010582010582010581,0.06613756613756613,0.05026455026455026,0.9272486772486772,0.9166666666666666,0.010582010582010581,0.9854497354497355,0.9193121693121693,0.06613756613756613,0.8108465608465608,0.8611111111111112,-0.05026455026455026,0.0,0.0
S2_single_R3_record,RNF8,UBE2D3,0.2,0.0012475154670921866,0.022486772486772486,0.023809523809523808,0.013227513227513227,0.9391534391534392,0.9166666666666666,0.022486772486772486,0.8955026455026455,0.9193121693121693,-0.023809523809523808,0.8478835978835979,0.8611111111111112,-0.013227513227513227,0.0,0.0
S2_single_R3_record,RNF8,NFRKB,0.2,0.0018266565885613506,0.042328042328042326,0.0026455026455026454,0.005291005291005291,0.9391534391534392,0.9814814814814815,-0.042328042328042326,0.8955026455026455,0.8981481481481481,-0.0026455026455026454,0.8478835978835979,0.8531746031746031,-0.005291005291005291,0.0,1.0
S2_single_R3_record,RNF8,UCHL5,0.2,0.0049970605526161085,0.06084656084656084,0.03439153439153439,0.010582010582010581,0.9391534391534392,0.8783068783068783,0.06084656084656084,0.8955026455026455,0.8611111111111112,0.03439153439153439,0.8478835978835979,0.8584656084656085,-0.010582010582010581,1.0,1.0
S2_single_R3_record,RNF8,FANCC,0.2,0.006739732930209121,0.007936507936507936,0.03968253968253968,0.07142857142857142,0.9391534391534392,0.9312169312169312,0.007936507936507936,0.8955026455026455,0.8558201058201058,0.03968253968253968,0.8478835978835979,0.9193121693121693,-0.07142857142857142,1.0,1.0
S2_single_R3_record,RNF8,MEN1,0.2,0.008160465832423504,0.007936507936507936,0.037037037037037035,0.082010582010582,0.9391534391534392,0.9312169312169312,0.007936507936507936,0.8955026455026455,0.9325396825396826,-0.037037037037037035,0.8478835978835979,0.7658730158730159,0.082010582010582,0.0,1.0
S2_single_R3_record,TRIP13,POLG2,0.2,0.003457350018196579,0.03439153439153439,0.03968253968253968,0.026455026455026454,0.8571428571428571,0.8915343915343915,-0.03439153439153439,0.9378306878306878,0.9775132275132276,-0.03968253968253968,0.8293650793650794,0.8558201058201058,-0.026455026455026454,1.0,1.0
S2_single_R3_record,TRIP13,NSMCE2,0.2,0.004262198706643151,0.0582010582010582,0.026455026455026454,0.013227513227513227,0.8571428571428571,0.798941798941799,0.0582010582010582,0.9378306878306878,0.9113756613756614,0.026455026455026454,0.8293650793650794,0.8161375661375662,0.013227513227513227,1.0,1.0
S2_single_R3_record,TRIP13,MAD2L2,0.2,0.004508902326362644,0.041005291005291,0.005291005291005291,0.05291005291005291,0.8571428571428571,0.8161375661375662,0.041005291005291,0.9378306878306878,0.9431216931216931,-0.005291005291005291,0.8293650793650794,0.8822751322751323,-0.05291005291005291,1.0,1.0
S2_single_R3_record,TRIP13,UBE2D3,0.2,0.004893829959967526,0.05952380952380952,0.018518518518518517,0.031746031746031744,0.8571428571428571,0.9166666666666666,-0.05952380952380952,0.9378306878306878,0.9193121693121693,0.018518518518518517,0.8293650793650794,0.8611111111111112,-0.031746031746031744,1.0,0.0
S2_single_R3_record,TRIP13,CDC7,0.2,0.0052507628565829625,0.011904761904761904,0.05555555555555555,0.04497354497354497,0.8571428571428571,0.8690476190476191,-0.011904761904761904,0.9378306878306878,0.9933862433862434,-0.05555555555555555,0.8293650793650794,0.8743386243386243,-0.04497354497354497,1.0,0.0
S2_single_R3_record,UBE2N,XRCC1,0.2,0.007026678984350942,0.015873015873015872,0.0582010582010582,0.0582010582010582,0.783068783068783,0.7671957671957672,0.015873015873015872,0.4828042328042328,0.541005291005291,-0.0582010582010582,0.6071428571428571,0.6653439153439153,-0.0582010582010582,0.0,0.0
S2_single_R3_record,UBE2N,WHSC1,0.2,0.009588197418885249,0.06349206349206349,0.06613756613756613,0.03439153439153439,0.783068783068783,0.7195767195767195,0.06349206349206349,0.4828042328042328,0.4166666666666667,0.06613756613756613,0.6071428571428571,0.5727513227513228,0.03439153439153439,0.0,0.0
S2_single_R3_record,UBE2N,NUDT16L1,0.2,0.014809215867416925,0.09523809523809523,0.015873015873015872,0.07407407407407407,0.783068783068783,0.6878306878306878,0.09523809523809523,0.4828042328042328,0.4669312169312169,0.015873015873015872,0.6071428571428571,0.533068783068783,0.07407407407407407,1.0,0.0
S2_single_R3_record,UBE2N,ASCC2,0.2,0.015160899750846842,0.03042328042328042,0.11904761904761904,0.007936507936507936,0.783068783068783,0.7526455026455027,0.03042328042328042,0.4828042328042328,0.6018518518518519,-0.11904761904761904,0.6071428571428571,0.5992063492063492,0.007936507936507936,0.0,1.0
S2_single_R3_record,UBE2N,SLX4,0.2,0.015230886593320456,0.056878306878306875,0.06613756613756613,0.0873015873015873,0.783068783068783,0.83994708994709,-0.056878306878306875,0.4828042328042328,0.548941798941799,-0.06613756613756613,0.6071428571428571,0.6944444444444444,-0.0873015873015873,1.0,0.0
S2_single_R3_record,UBE2V2,SUMO1,0.2,0.0062655720724503795,0.027777777777777776,0.06084656084656084,0.042328042328042326,0.9537037037037037,0.9814814814814815,-0.027777777777777776,0.36904761904761907,0.3082010582010582,0.06084656084656084,0.8452380952380952,0.8875661375661376,-0.042328042328042326,0.0,0.0
S2_single_R3_record,UBE2V2,MUM1,0.2,0.014244072114442485,0.09126984126984126,0.06878306878306878,0.03439153439153439,0.9537037037037037,0.8624338624338624,0.09126984126984126,0.36904761904761907,0.3002645502645503,0.06878306878306878,0.8452380952380952,0.8796296296296297,-0.03439153439153439,1.0,1.0
S2_single_R3_record,UBE2V2,INO80E,0.2,0.037738655132835024,0.009259259259259259,0.1746031746031746,0.08465608465608465,0.9537037037037037,0.9629629629629629,-0.009259259259259259,0.36904761904761907,0.5436507936507936,-0.1746031746031746,0.8452380952380952,0.7605820105820106,0.08465608465608465,0.0,1.0
S2_single_R3_record,UBE2V2,RAD50,0.2,0.04062911172699533,0.17857142857142858,0.03968253968253968,0.08465608465608465,0.9537037037037037,0.7751322751322751,0.17857142857142858,0.36904761904761907,0.32936507936507936,0.03968253968253968,0.8452380952380952,0.9298941798941799,-0.08465608465608465,0.0,0.0
S2_single_R3_record,UBE2V2,RAD1,0.2,0.050539248621259206,0.009259259259259259,0.11904761904761904,0.19047619047619047,0.9537037037037037,0.9629629629629629,-0.009259259259259259,0.36904761904761907,0.25,0.11904761904761904,0.8452380952380952,0.6547619047619048,0.19047619047619047,0.0,0.0
S2_single_R3_record,UBR5,OBFC1,0.2,0.003893018112594832,0.046296296296296294,0.03439153439153439,0.023809523809523808,0.7883597883597884,0.8346560846560847,-0.046296296296296294,0.6653439153439153,0.6309523809523809,0.03439153439153439,0.43783068783068785,0.414021164021164,0.023809523809523808,1.0,1.0
S2_single_R3_record,UBR5,SMARCAL1,0.2,0.004137972061252484,0.03571428571428571,0.007936507936507936,0.05291005291005291,0.7883597883597884,0.7526455026455027,0.03571428571428571,0.6653439153439153,0.6574074074074074,0.007936507936507936,0.43783068783068785,0.38492063492063494,0.05291005291005291,1.0,1.0
S2_single_R3_record,UBR5,UBC,0.2,0.01707154055037653,0.03571428571428571,0.09523809523809523,0.082010582010582,0.7883597883597884,0.7526455026455027,0.03571428571428571,0.6653439153439153,0.5701058201058201,0.09523809523809523,0.43783068783068785,0.5198412698412699,-0.082010582010582,1.0,1.0
S2_single_R3_record,UBR5,SWSAP1,0.2,0.01984126984126984,0.11904761904761904,0.023809523809523808,0.07142857142857142,0.7883597883597884,0.6693121693121693,0.11904761904761904,0.6653439153439153,0.6415343915343915,0.023809523809523808,0.43783068783068785,0.5092592592592593,-0.07142857142857142,1.0,1.0
S2_single_R3_record,UBR5,STRA13,0.2,0.022654740908709163,0.06878306878306878,0.10582010582010581,0.082010582010582,0.7883597883597884,0.7195767195767195,0.06878306878306878,0.6653439153439153,0.7711640211640212,-0.10582010582010581,0.43783068783068785,0.3558201058201058,0.082010582010582,1.0,1.0
S2_single_R3_record,UHRF1,FANCC,0.2,0.001478472047255116,0.03571428571428571,0.013227513227513227,0.005291005291005291,0.966931216931217,0.9312169312169312,0.03571428571428571,0.8690476190476191,0.8558201058201058,0.013227513227513227,0.9246031746031746,0.9193121693121693,0.005291005291005291,1.0,1.0
S2_single_R3_record,UHRF1,UBE2B,0.2,0.00280647238319196,0.005291005291005291,0.015873015873015872,0.05026455026455026,0.966931216931217,0.9722222222222222,-0.005291005291005291,0.8690476190476191,0.8531746031746031,0.015873015873015872,0.9246031746031746,0.9748677248677249,-0.05026455026455026,1.0,0.0
S2_single_R3_record,UHRF1,NFRKB,0.2,0.006160591808739957,0.01455026455026455,0.0291005291005291,0.07142857142857142,0.966931216931217,0.9814814814814815,-0.01455026455026455,0.8690476190476191,0.8981481481481481,-0.0291005291005291,0.9246031746031746,0.8531746031746031,0.07142857142857142,1.0,1.0
S2_single_R3_record,UHRF1,UBE2D3,0.2,0.009084292153075222,0.05026455026455026,0.05026455026455026,0.06349206349206349,0.966931216931217,0.9166666666666666,0.05026455026455026,0.8690476190476191,0.9193121693121693,-0.05026455026455026,0.9246031746031746,0.8611111111111112,0.06349206349206349,0.0,0.0
S2_single_R3_record,UHRF1,GTF2H3,0.2,0.00977891156462585,0.009259259259259259,0.09788359788359788,0.010582010582010581,0.966931216931217,0.9576719576719577,0.009259259259259259,0.8690476190476191,0.966931216931217,-0.09788359788359788,0.9246031746031746,0.9351851851851852,-0.010582010582010581,0.0,1.0
S3_no_missing_R3_records,DCLRE1B,HUWE1,0.2,0.0016083795013850416,0.011842105263157895,0.03684210526315789,0.010526315789473684,0.8842105263157894,0.8723684210526316,0.011842105263157895,0.9092105263157895,0.9460526315789474,-0.03684210526315789,0.9592105263157895,0.9697368421052631,-0.010526315789473684,0.0,0.0
S3_no_missing_R3_records,DCLRE1B,TFPT,0.2,0.003900623268698061,0.017105263157894738,0.05263157894736842,0.02894736842105263,0.8842105263157894,0.9013157894736842,-0.017105263157894738,0.9092105263157895,0.9618421052631579,-0.05263157894736842,0.9592105263157895,0.9881578947368421,-0.02894736842105263,0.0,0.0
S3_no_missing_R3_records,DCLRE1B,FANCC,0.2,0.00657202216066482,0.04736842105263158,0.05263157894736842,0.039473684210526314,0.8842105263157894,0.9315789473684211,-0.04736842105263158,0.9092105263157895,0.8565789473684211,0.05263157894736842,0.9592105263157895,0.9197368421052632,0.039473684210526314,0.0,1.0
S3_no_missing_R3_records,DCLRE1B,COPS8,0.2,0.007264542936288088,0.060526315789473685,0.04736842105263158,0.03684210526315789,0.8842105263157894,0.9447368421052632,-0.060526315789473685,0.9092105263157895,0.9565789473684211,-0.04736842105263158,0.9592105263157895,0.9960526315789474,-0.03684210526315789,1.0,0.0
S3_no_missing_R3_records,DCLRE1B,LIG3,0.2,0.007730263157894737,0.003947368421052632,0.0868421052631579,0.013157894736842105,0.8842105263157894,0.8881578947368421,-0.003947368421052632,0.9092105263157895,0.8223684210526315,0.0868421052631579,0.9592105263157895,0.9723684210526315,-0.013157894736842105,0.0,0.0
S3_no_missing_R3_records,DDX1,GTF2H3,0.2,0.0009227839335180056,0.02236842105263158,0.015789473684210527,0.013157894736842105,0.9355263157894737,0.9578947368421052,-0.02236842105263158,0.9828947368421053,0.9671052631578947,0.015789473684210527,0.9223684210526316,0.9355263157894737,-0.013157894736842105,0.0,1.0
S3_no_missing_R3_records,DDX1,ASCC3,0.2,0.0012344182825484765,0.02236842105263158,0.013157894736842105,0.02368421052631579,0.9355263157894737,0.9578947368421052,-0.02236842105263158,0.9828947368421053,0.9960526315789474,-0.013157894736842105,0.9223684210526316,0.8986842105263158,0.02368421052631579,0.0,1.0
S3_no_missing_R3_records,DDX1,MEAF6,0.2,0.0032202216066481992,0.05263157894736842,0.002631578947368421,0.021052631578947368,0.9355263157894737,0.9881578947368421,-0.05263157894736842,0.9828947368421053,0.9802631578947368,0.002631578947368421,0.9223684210526316,0.9013157894736842,0.021052631578947368,1.0,0.0
S3_no_missing_R3_records,DDX1,TRRAP,0.2,0.0032548476454293627,0.05,0.007894736842105263,0.02631578947368421,0.9355263157894737,0.9855263157894737,-0.05,0.9828947368421053,0.975,0.007894736842105263,0.9223684210526316,0.8960526315789473,0.02631578947368421,1.0,1.0
S3_no_missing_R3_records,DDX1,BARD1,0.2,0.0036357340720221606,0.05789473684210526,0.013157894736842105,0.010526315789473684,0.9355263157894737,0.993421052631579,-0.05789473684210526,0.9828947368421053,0.9697368421052631,0.013157894736842105,0.9223684210526316,0.9118421052631579,0.010526315789473684,0.0,0.0
S3_no_missing_R3_records,DOT1L,ING3,0.2,0.004136080332409972,0.04342105263157895,0.04736842105263158,0.002631578947368421,0.9013157894736842,0.9447368421052632,-0.04342105263157895,0.8118421052631579,0.8592105263157894,-0.04736842105263158,0.756578947368421,0.7592105263157894,-0.002631578947368421,1.0,0.0
S3_no_missing_R3_records,DOT1L,RIF1,0.2,0.0077371883656509695,0.009210526315789473,0.031578947368421054,0.08157894736842106,0.9013157894736842,0.9105263157894737,-0.009210526315789473,0.8118421052631579,0.7802631578947369,0.031578947368421054,0.756578947368421,0.675,0.08157894736842106,1.0,0.0
S3_no_missing_R3_records,DOT1L,TOP3A,0.2,0.008407202216066481,0.04736842105263158,0.018421052631578946,0.07631578947368421,0.9013157894736842,0.9486842105263158,-0.04736842105263158,0.8118421052631579,0.7934210526315789,0.018421052631578946,0.756578947368421,0.6802631578947368,0.07631578947368421,1.0,1.0
S3_no_missing_R3_records,DOT1L,WDR48,0.2,0.011945983379501385,0.08421052631578947,0.06842105263157895,0.013157894736842105,0.9013157894736842,0.8171052631578948,0.08421052631578947,0.8118421052631579,0.743421052631579,0.06842105263157895,0.756578947368421,0.7697368421052632,-0.013157894736842105,1.0,0.0
S3_no_missing_R3_records,DOT1L,C11orf30,0.2,0.012515581717451523,0.017105263157894738,0.0868421052631579,0.06842105263157895,0.9013157894736842,0.8842105263157894,0.017105263157894738,0.8118421052631579,0.725,0.0868421052631579,0.756578947368421,0.6881578947368421,0.06842105263157895,1.0,0.0
S3_no_missing_R3_records,FANCF,RAD1,0.3333333333333333,0.01824792243767313,0.02368421052631579,0.11842105263157894,0.060526315789473685,0.9394736842105263,0.9631578947368421,-0.02368421052631579,0.13289473684210526,0.2513157894736842,-0.11842105263157894,0.5960526315789474,0.656578947368421,-0.060526315789473685,1.0,0.0
S3_no_missing_R3_records,FANCF,ERCC1,0.3333333333333333,0.03245325484764543,0.1118421052631579,0.06315789473684211,0.12631578947368421,0.9394736842105263,0.8276315789473684,0.1118421052631579,0.13289473684210526,0.19605263157894737,-0.06315789473684211,0.5960526315789474,0.4697368421052632,0.12631578947368421,1.0,0.0
S3_no_missing_R3_records,FANCF,TRIP12,0.3333333333333333,0.05719702216066482,0.09078947368421053,0.1,0.19736842105263158,0.9394736842105263,0.8486842105263158,0.09078947368421053,0.13289473684210526,0.03289473684210526,0.1,0.5960526315789474,0.3986842105263158,0.19736842105263158,1.0,0.0
S3_no_missing_R3_records,GTF2H5,FZR1,0.2,0.01646814404432133,0.021052631578947368,0.0868421052631579,0.09210526315789473,0.9776315789473684,0.9986842105263158,-0.021052631578947368,0.6960526315789474,0.7828947368421053,-0.0868421052631579,0.7776315789473685,0.6855263157894737,0.09210526315789473,1.0,1.0
S3_no_missing_R3_records,GTF2H5,BLM,0.2,0.017418628808864266,0.11973684210526316,0.02894736842105263,0.04736842105263158,0.9776315789473684,0.8578947368421053,0.11973684210526316,0.6960526315789474,0.6671052631578948,0.02894736842105263,0.7776315789473685,0.7302631578947368,0.04736842105263158,1.0,1.0
S3_no_missing_R3_records,GTF2H5,C11orf30,0.2,0.017570983379501384,0.09342105263157895,0.02894736842105263,0.08947368421052632,0.9776315789473684,0.8842105263157894,0.09342105263157895,0.6960526315789474,0.725,-0.02894736842105263,0.7776315789473685,0.6881578947368421,0.08947368421052632,0.0,0.0
S3_no_missing_R3_records,GTF2H5,TOP3A,0.2,0.019799168975069253,0.02894736842105263,0.09736842105263158,0.09736842105263158,0.9776315789473684,0.9486842105263158,0.02894736842105263,0.6960526315789474,0.7934210526315789,-0.09736842105263158,0.7776315789473685,0.6802631578947368,0.09736842105263158,1.0,1.0
S3_no_missing_R3_records,GTF2H5,RIF1,0.2,0.02212777008310249,0.06710526315789474,0.08421052631578947,0.10263157894736842,0.9776315789473684,0.9105263157894737,0.06710526315789474,0.6960526315789474,0.7802631578947369,-0.08421052631578947,0.7776315789473685,0.675,0.10263157894736842,1.0,0.0
S3_no_missing_R3_records,MCM4,POLR2L,0.2,0.0017313019390581717,0.02368421052631579,0.013157894736842105,0.031578947368421054,0.9276315789473685,0.9513157894736842,-0.02368421052631579,0.9855263157894737,0.9986842105263158,-0.013157894736842105,0.8118421052631579,0.7802631578947369,0.031578947368421054,1.0,0.0
S3_no_missing_R3_records,MCM4,POLG2,0.2,0.003325831024930748,0.035526315789473684,0.007894736842105263,0.04473684210526316,0.9276315789473685,0.8921052631578947,0.035526315789473684,0.9855263157894737,0.9776315789473684,0.007894736842105263,0.8118421052631579,0.8565789473684211,-0.04473684210526316,0.0,1.0
S3_no_missing_R3_records,MCM4,MEN1,0.2,0.004787049861495845,0.003947368421052632,0.05263157894736842,0.04473684210526316,0.9276315789473685,0.9315789473684211,-0.003947368421052632,0.9855263157894737,0.9328947368421052,0.05263157894736842,0.8118421052631579,0.7671052631578947,0.04473684210526316,0.0,1.0
S3_no_missing_R3_records,MCM4,PPP4C,0.2,0.0057409972299168974,0.06842105263157895,0.031578947368421054,0.007894736842105263,0.9276315789473685,0.9960526315789474,-0.06842105263157895,0.9855263157894737,0.9539473684210527,0.031578947368421054,0.8118421052631579,0.8039473684210526,0.007894736842105263,0.0,1.0
S3_no_missing_R3_records,MCM4,UBE2D3,0.2,0.0069390581717451525,0.010526315789473684,0.06578947368421052,0.05,0.9276315789473685,0.9171052631578948,0.010526315789473684,0.9855263157894737,0.9197368421052632,0.06578947368421052,0.8118421052631579,0.8618421052631579,-0.05,0.0,0.0
S3_no_missing_R3_records,RNF8,UBE2D3,0.2,0.0012344182825484765,0.02236842105263158,0.02368421052631579,0.013157894736842105,0.9394736842105263,0.9171052631578948,0.02236842105263158,0.8960526315789473,0.9197368421052632,-0.02368421052631579,0.8486842105263158,0.8618421052631579,-0.013157894736842105,0.0,0.0
S3_no_missing_R3_records,RNF8,NFRKB,0.2,0.0018074792243767312,0.042105263157894736,0.002631578947368421,0.005263157894736842,0.9394736842105263,0.9815789473684211,-0.042105263157894736,0.8960526315789473,0.8986842105263158,-0.002631578947368421,0.8486842105263158,0.8539473684210527,-0.005263157894736842,0.0,1.0
S3_no_missing_R3_records,RNF8,UCHL5,0.2,0.004944598337950139,0.060526315789473685,0.034210526315789476,0.010526315789473684,0.9394736842105263,0.8789473684210526,0.060526315789473685,0.8960526315789473,0.8618421052631579,0.034210526315789476,0.8486842105263158,0.8592105263157894,-0.010526315789473684,1.0,1.0
S3_no_missing_R3_records,RNF8,FANCC,0.2,0.006668975069252078,0.007894736842105263,0.039473684210526314,0.07105263157894737,0.9394736842105263,0.9315789473684211,0.007894736842105263,0.8960526315789473,0.8565789473684211,0.039473684210526314,0.8486842105263158,0.9197368421052632,-0.07105263157894737,1.0,1.0
S3_no_missing_R3_records,RNF8,MEN1,0.2,0.008074792243767313,0.007894736842105263,0.03684210526315789,0.08157894736842106,0.9394736842105263,0.9315789473684211,0.007894736842105263,0.8960526315789473,0.9328947368421052,-0.03684210526315789,0.8486842105263158,0.7671052631578947,0.08157894736842106,0.0,1.0
S3_no_missing_R3_records,TRIP13,POLG2,0.2,0.0034210526315789475,0.034210526315789476,0.039473684210526314,0.02631578947368421,0.8578947368421053,0.8921052631578947,-0.034210526315789476,0.9381578947368421,0.9776315789473684,-0.039473684210526314,0.8302631578947368,0.8565789473684211,-0.02631578947368421,1.0,1.0
S3_no_missing_R3_records,TRIP13,NSMCE2,0.2,0.0042174515235457065,0.05789473684210526,0.02631578947368421,0.013157894736842105,0.8578947368421053,0.8,0.05789473684210526,0.9381578947368421,0.9118421052631579,0.02631578947368421,0.8302631578947368,0.8171052631578948,0.013157894736842105,1.0,1.0
S3_no_missing_R3_records,TRIP13,MAD2L2,0.2,0.004461565096952908,0.04078947368421053,0.005263157894736842,0.05263157894736842,0.8578947368421053,0.8171052631578948,0.04078947368421053,0.9381578947368421,0.9434210526315789,-0.005263157894736842,0.8302631578947368,0.8828947368421053,-0.05263157894736842,1.0,1.0
S3_no_missing_R3_records,TRIP13,UBE2D3,0.2,0.004842451523545706,0.05921052631578947,0.018421052631578946,0.031578947368421054,0.8578947368421053,0.9171052631578948,-0.05921052631578947,0.9381578947368421,0.9197368421052632,0.018421052631578946,0.8302631578947368,0.8618421052631579,-0.031578947368421054,1.0,0.0
S3_no_missing_R3_records,TRIP13,CDC7,0.2,0.0051956371191135735,0.011842105263157895,0.05526315789473684,0.04473684210526316,0.8578947368421053,0.8697368421052631,-0.011842105263157895,0.9381578947368421,0.993421052631579,-0.05526315789473684,0.8302631578947368,0.875,-0.04473684210526316,1.0,0.0
S3_no_missing_R3_records,UBE2N,XRCC1,0.2,0.006952908587257617,0.015789473684210527,0.05789473684210526,0.05789473684210526,0.7842105263157895,0.7684210526315789,0.015789473684210527,0.48289473684210527,0.5407894736842105,-0.05789473684210526,0.6092105263157894,0.6671052631578948,-0.05789473684210526,0.0,0.0
S3_no_missing_R3_records,UBE2N,WHSC1,0.2,0.009826869806094183,0.06578947368421052,0.06578947368421052,0.034210526315789476,0.7842105263157895,0.718421052631579,0.06578947368421052,0.48289473684210527,0.41710526315789476,0.06578947368421052,0.6092105263157894,0.575,0.034210526315789476,0.0,0.0
S3_no_missing_R3_records,UBE2N,SLX4,0.2,0.015070983379501385,0.056578947368421055,0.06578947368421052,0.0868421052631579,0.7842105263157895,0.8407894736842105,-0.056578947368421055,0.48289473684210527,0.5486842105263158,-0.06578947368421052,0.6092105263157894,0.6960526315789474,-0.0868421052631579,1.0,0.0
S3_no_missing_R3_records,UBE2N,ASCC2,0.2,0.015083102493074792,0.031578947368421054,0.11842105263157894,0.007894736842105263,0.7842105263157895,0.7526315789473684,0.031578947368421054,0.48289473684210527,0.6013157894736842,-0.11842105263157894,0.6092105263157894,0.6013157894736842,0.007894736842105263,0.0,1.0
S3_no_missing_R3_records,UBE2N,NUDT16L1,0.2,0.015159279778393351,0.09736842105263158,0.015789473684210527,0.07368421052631578,0.7842105263157895,0.6868421052631579,0.09736842105263158,0.48289473684210527,0.46710526315789475,0.015789473684210527,0.6092105263157894,0.5355263157894737,0.07368421052631578,1.0,0.0
S3_no_missing_R3_records,UBE2V2,SUMO1,0.2,0.006199792243767313,0.02763157894736842,0.060526315789473685,0.042105263157894736,0.9539473684210527,0.9815789473684211,-0.02763157894736842,0.36973684210526314,0.3092105263157895,0.060526315789473685,0.8460526315789474,0.8881578947368421,-0.042105263157894736,0.0,0.0
S3_no_missing_R3_records,UBE2V2,MUM1,0.2,0.014094529085872576,0.09078947368421053,0.06842105263157895,0.034210526315789476,0.9539473684210527,0.8631578947368421,0.09078947368421053,0.36973684210526314,0.3013157894736842,0.06842105263157895,0.8460526315789474,0.8802631578947369,-0.034210526315789476,1.0,1.0
S3_no_missing_R3_records,UBE2V2,INO80E,0.2,0.037342451523545706,0.009210526315789473,0.1736842105263158,0.08421052631578947,0.9539473684210527,0.9631578947368421,-0.009210526315789473,0.36973684210526314,0.5434210526315789,-0.1736842105263158,0.8460526315789474,0.7618421052631579,0.08421052631578947,0.0,1.0
S3_no_missing_R3_records,UBE2V2,RAD50,0.2,0.040202562326869806,0.17763157894736842,0.039473684210526314,0.08421052631578947,0.9539473684210527,0.7763157894736842,0.17763157894736842,0.36973684210526314,0.33026315789473687,0.039473684210526314,0.8460526315789474,0.9302631578947368,-0.08421052631578947,0.0,0.0
S3_no_missing_R3_records,UBE2V2,RAD1,0.2,0.05000865650969529,0.009210526315789473,0.11842105263157894,0.18947368421052632,0.9539473684210527,0.9631578947368421,-0.009210526315789473,0.36973684210526314,0.2513157894736842,0.11842105263157894,0.8460526315789474,0.656578947368421,0.18947368421052632,0.0,0.0
S3_no_missing_R3_records,UBR5,OBFC1,0.2,0.003852146814404432,0.046052631578947366,0.034210526315789476,0.02368421052631579,0.7894736842105263,0.8355263157894737,-0.046052631578947366,0.6644736842105263,0.6302631578947369,0.034210526315789476,0.4381578947368421,0.4144736842105263,0.02368421052631579,1.0,1.0
S3_no_missing_R3_records,UBR5,SMARCAL1,0.2,0.004189750692520776,0.03684210526315789,0.007894736842105263,0.05263157894736842,0.7894736842105263,0.7526315789473684,0.03684210526315789,0.6644736842105263,0.656578947368421,0.007894736842105263,0.4381578947368421,0.38552631578947366,0.05263157894736842,1.0,1.0
S3_no_missing_R3_records,UBR5,PIF1,0.2,0.005581717451523546,0.03684210526315789,0.034210526315789476,0.05526315789473684,0.7894736842105263,0.7526315789473684,0.03684210526315789,0.6644736842105263,0.6986842105263158,-0.034210526315789476,0.4381578947368421,0.3828947368421053,0.05526315789473684,1.0,1.0
S3_no_missing_R3_records,UBR5,UBC,0.2,0.01742382271468144,0.03684210526315789,0.09473684210526316,0.08421052631578947,0.7894736842105263,0.7526315789473684,0.03684210526315789,0.6644736842105263,0.5697368421052632,0.09473684210526316,0.4381578947368421,0.5223684210526316,-0.08421052631578947,1.0,1.0
S3_no_missing_R3_records,UBR5,SWSAP1,0.2,0.02064404432132964,0.12105263157894737,0.02368421052631579,0.07368421052631578,0.7894736842105263,0.6684210526315789,0.12105263157894737,0.6644736842105263,0.6407894736842106,0.02368421052631579,0.4381578947368421,0.5118421052631579,-0.07368421052631578,1.0,1.0
S3_no_missing_R3_records,UHRF1,FANCC,0.2,0.0014629501385041552,0.035526315789473684,0.013157894736842105,0.005263157894736842,0.9671052631578947,0.9315789473684211,0.035526315789473684,0.8697368421052631,0.8565789473684211,0.013157894736842105,0.925,0.9197368421052632,0.005263157894736842,1.0,1.0
S3_no_missing_R3_records,UHRF1,UBE2B,0.2,0.0027770083102493077,0.005263157894736842,0.015789473684210527,0.05,0.9671052631578947,0.9723684210526315,-0.005263157894736842,0.8697368421052631,0.8539473684210527,0.015789473684210527,0.925,0.975,-0.05,1.0,0.0
S3_no_missing_R3_records,UHRF1,NFRKB,0.2,0.006095914127423822,0.014473684210526316,0.02894736842105263,0.07105263157894737,0.9671052631578947,0.9815789473684211,-0.014473684210526316,0.8697368421052631,0.8986842105263158,-0.02894736842105263,0.925,0.8539473684210527,0.07105263157894737,1.0,1.0
S3_no_missing_R3_records,UHRF1,UBE2D3,0.2,0.008988919667590028,0.05,0.05,0.06315789473684211,0.9671052631578947,0.9171052631578948,0.05,0.8697368421052631,0.9197368421052632,-0.05,0.925,0.8618421052631579,0.06315789473684211,0.0,0.0
S3_no_missing_R3_records,UHRF1,GTF2H3,0.2,0.009676246537396122,0.009210526315789473,0.09736842105263158,0.010526315789473684,0.9671052631578947,0.9578947368421052,0.009210526315789473,0.8697368421052631,0.9671052631578947,-0.09736842105263158,0.925,0.9355263157894737,-0.010526315789473684,0.0,1.0
