gene,source_row_id,gene_combination,gemini_sensitive,source_called,source_generic_fragility,in_exact419,in_support400,in_primary380,exclusion_reason,r2_transcripts,r3_n_records,r3_n_complete,r3_record_ids,attribution_caveat,in_R2_exact,in_R3_exact,specific_structural_reason,absence_interpretation
ACTR5,R1:1512,ACTR5;PRKDC,-1.416371875,True,0.13186813186813187,False,False,False,not_in_exact_three_way_symbol_support,"{""gamma_R2"": ""P1P2"", ""rho_ATMi_R2"": ""P1P2"", ""rho_ATRi_R2"": ""P1P2"", ""rho_R2"": ""P1P2"", ""rho_WEE1i_R2"": ""P1P2""}",0,0,,,True,False,no_exact_R3_WT_symbol,unmeasured_or_unmatched_not_zero_not_nonhit
BRCA2,R1:1261,BRCA2;PRKDC,-1.477415439,True,0.1336996336996337,False,False,False,not_in_exact_three_way_symbol_support,"{""gamma_R2"": ""P1P2"", ""rho_ATMi_R2"": ""P1P2"", ""rho_ATRi_R2"": ""P1P2"", ""rho_R2"": ""P1P2"", ""rho_WEE1i_R2"": ""P1P2""}",0,0,,,True,False,no_exact_R3_WT_symbol,unmeasured_or_unmatched_not_zero_not_nonhit
CCNH_mis,R1:488,CCNH_mis;PRKDC,-1.768670436,True,0.13553113553113552,False,False,False,not_in_exact_three_way_symbol_support,{},0,0,,,False,False,no_exact_R2_symbol;no_exact_R3_WT_symbol,unmeasured_or_unmatched_not_zero_not_nonhit
CHAF1B_mis,R1:3825,CHAF1B_mis;PRKDC,-1.101353488,True,0.11172161172161173,False,False,False,not_in_exact_three_way_symbol_support,{},0,0,,,False,False,no_exact_R2_symbol;no_exact_R3_WT_symbol,unmeasured_or_unmatched_not_zero_not_nonhit
DHX9,R1:4464,DHX9;PRKDC,-1.04743955,True,0.06043956043956044,True,False,False,no_paired_complete_R3_record,"{""gamma_R2"": ""P1P2"", ""rho_ATMi_R2"": ""P1P2"", ""rho_ATRi_R2"": ""P1P2"", ""rho_R2"": ""P1P2"", ""rho_WEE1i_R2"": ""P1P2""}",1,0,R3:4553,,True,True,no_original_R3_record_with_finite_parent_rho_and_parent_gamma,unmeasured_or_unmatched_not_zero_not_nonhit
ERCC2_mis,R1:622,ERCC2_mis;PRKDC,-1.690798061,True,0.06593406593406594,False,False,False,not_in_exact_three_way_symbol_support,{},0,0,,,False,False,no_exact_R2_symbol;no_exact_R3_WT_symbol,unmeasured_or_unmatched_not_zero_not_nonhit
GTF2H4_mis,R1:4495,GTF2H4_mis;PRKDC,-1.044723324,True,0.12637362637362637,False,False,False,not_in_exact_three_way_symbol_support,{},0,0,,,False,False,no_exact_R2_symbol;no_exact_R3_WT_symbol,unmeasured_or_unmatched_not_zero_not_nonhit
HUS1_mis,R1:150,HUS1_mis;PRKDC,-2.104204721,True,0.22893772893772893,False,False,False,not_in_exact_three_way_symbol_support,{},0,0,,,False,False,no_exact_R2_symbol;no_exact_R3_WT_symbol,unmeasured_or_unmatched_not_zero_not_nonhit
LIG1,R1:3685,LIG1;PRKDC,-1.114918682,True,0.06776556776556776,False,False,False,not_in_exact_three_way_symbol_support,"{""gamma_R2"": ""P1P2"", ""rho_ATMi_R2"": ""P1P2"", ""rho_ATRi_R2"": ""P1P2"", ""rho_R2"": ""P1P2"", ""rho_WEE1i_R2"": ""P1P2""}",0,0,,,True,False,no_exact_R3_WT_symbol,unmeasured_or_unmatched_not_zero_not_nonhit
MMS22L,R1:1325,MMS22L;PRKDC,-1.46055203,True,0.06227106227106227,False,False,False,not_in_exact_three_way_symbol_support,"{""gamma_R2"": ""P1P2"", ""rho_ATMi_R2"": ""P1P2"", ""rho_ATRi_R2"": ""P1P2"", ""rho_R2"": ""P1P2"", ""rho_WEE1i_R2"": ""P1P2""}",0,0,,,True,False,no_exact_R3_WT_symbol,unmeasured_or_unmatched_not_zero_not_nonhit
MRE11A,R1:2281,MRE11A;PRKDC,-1.274046566,True,0.06593406593406594,False,False,False,not_in_exact_three_way_symbol_support,"{""gamma_R2"": ""P1P2"", ""rho_ATMi_R2"": ""P1P2"", ""rho_ATRi_R2"": ""P1P2"", ""rho_R2"": ""P1P2"", ""rho_WEE1i_R2"": ""P1P2""}",0,0,,,True,False,no_exact_R3_WT_symbol,unmeasured_or_unmatched_not_zero_not_nonhit
PCNA,R1:246,PCNA;PRKDC,-1.975759841,True,0.12087912087912088,False,False,False,not_in_exact_three_way_symbol_support,"{""gamma_R2"": ""P1P2"", ""rho_ATMi_R2"": ""P1P2"", ""rho_ATRi_R2"": ""P1P2"", ""rho_R2"": ""P1P2"", ""rho_WEE1i_R2"": ""P1P2""}",0,0,,,True,False,no_exact_R3_WT_symbol,unmeasured_or_unmatched_not_zero_not_nonhit
POLA1,R1:3428,POLA1;PRKDC,-1.141478786,True,0.15567765567765568,True,False,False,no_paired_complete_R3_record,"{""gamma_R2"": ""P1P2"", ""rho_ATMi_R2"": ""P1P2"", ""rho_ATRi_R2"": ""P1P2"", ""rho_R2"": ""P1P2"", ""rho_WEE1i_R2"": ""P1P2""}",1,0,R3:12904,,True,True,no_original_R3_record_with_finite_parent_rho_and_parent_gamma,unmeasured_or_unmatched_not_zero_not_nonhit
POLD3_mis,R1:4083,POLD3_mis;PRKDC,-1.07968532,True,0.09340659340659341,False,False,False,not_in_exact_three_way_symbol_support,{},0,0,,,False,False,no_exact_R2_symbol;no_exact_R3_WT_symbol,unmeasured_or_unmatched_not_zero_not_nonhit
POLR2B_mis,R1:2636,POLR2B_mis;PRKDC,-1.228507553,True,0.08073394495412844,False,False,False,not_in_exact_three_way_symbol_support,{},0,0,,,False,False,no_exact_R2_symbol;no_exact_R3_WT_symbol,unmeasured_or_unmatched_not_zero_not_nonhit
PSMD14_mis,R1:2291,PRKDC;PSMD14_mis,-1.273110834,True,0.06776556776556776,False,False,False,not_in_exact_three_way_symbol_support,{},0,0,,,False,False,no_exact_R2_symbol;no_exact_R3_WT_symbol,unmeasured_or_unmatched_not_zero_not_nonhit
RAD51,R1:1136,PRKDC;RAD51,-1.507364757,True,0.09357798165137615,False,False,False,not_in_exact_three_way_symbol_support,{},0,0,,,False,False,no_exact_R2_symbol;no_exact_R3_WT_symbol,unmeasured_or_unmatched_not_zero_not_nonhit
RBM17_mis,R1:4880,PRKDC;RBM17_mis,-1.016527723,True,0.045787545787545784,False,False,False,not_in_exact_three_way_symbol_support,{},0,0,,,False,False,no_exact_R2_symbol;no_exact_R3_WT_symbol,unmeasured_or_unmatched_not_zero_not_nonhit
RUVBL1_mis,R1:1513,PRKDC;RUVBL1_mis,-1.415606244,True,0.12454212454212454,False,False,False,not_in_exact_three_way_symbol_support,{},0,0,,,False,False,no_exact_R2_symbol;no_exact_R3_WT_symbol,unmeasured_or_unmatched_not_zero_not_nonhit
SFPQ,R1:1626,PRKDC;SFPQ,-1.389637934,True,0.06422018348623854,False,False,False,not_in_exact_three_way_symbol_support,"{""gamma_R2"": ""P1P2"", ""rho_ATMi_R2"": ""P1P2"", ""rho_ATRi_R2"": ""P1P2"", ""rho_R2"": ""P1P2"", ""rho_WEE1i_R2"": ""P1P2""}",0,0,,,True,False,no_exact_R3_WT_symbol,unmeasured_or_unmatched_not_zero_not_nonhit
TICRR_mis,R1:3248,PRKDC;TICRR_mis,-1.159052174,True,0.08424908424908426,False,False,False,not_in_exact_three_way_symbol_support,{},0,0,,,False,False,no_exact_R2_symbol;no_exact_R3_WT_symbol,unmeasured_or_unmatched_not_zero_not_nonhit
VCP_mis,R1:651,PRKDC;VCP_mis,-1.675442923,True,0.13027522935779817,False,False,False,not_in_exact_three_way_symbol_support,{},0,0,,,False,False,no_exact_R2_symbol;no_exact_R3_WT_symbol,unmeasured_or_unmatched_not_zero_not_nonhit
XRCC5_mis,R1:4461,PRKDC;XRCC5_mis,-1.047758718,True,0.01098901098901099,False,False,False,not_in_exact_three_way_symbol_support,{},0,0,,,False,False,no_exact_R2_symbol;no_exact_R3_WT_symbol,unmeasured_or_unmatched_not_zero_not_nonhit
XRCC6_mis,R1:18,PRKDC;XRCC6_mis,-2.725256818,True,0.0347985347985348,False,False,False,not_in_exact_three_way_symbol_support,{},0,0,,,False,False,no_exact_R2_symbol;no_exact_R3_WT_symbol,unmeasured_or_unmatched_not_zero_not_nonhit
