resource,gene,record_id,element_id,context,endpoint,transcript,published_score,score,label,role,core_DNAPKi_rho,matched_core_gamma,matched_core_gamma_transcript
R2,PRDX1,R2:12567,not_in_processed_file,parental_A549,gamma:DMSO_vs_T0,P1P2,-0.89256493352301636,-0.8925649335230164,essential_hit,fixed_parent_report_sentinel_not_source_called_not_independent_validation,False,-0.89256493352301636,P1P2
R2,PRDX1,R2:12567,not_in_processed_file,parental_A549,rho:PARPi_vs_DMSO,P1P2,-1.053544227004644,-1.053544227004644,sensitivity_hit,fixed_parent_report_sentinel_not_source_called_not_independent_validation,False,-0.89256493352301636,P1P2
R2,PRDX1,R2:12567,not_in_processed_file,parental_A549,rho:ATRi_vs_DMSO,P1P2,-0.91216987504677016,-0.9121698750467702,sensitivity_hit,fixed_parent_report_sentinel_not_source_called_not_independent_validation,False,-0.89256493352301636,P1P2
R2,PRDX1,R2:12567,not_in_processed_file,parental_A549,rho:PARPi+ATRi_vs_DMSO,P1P2,-1.4096318207739229,-1.409631820773923,sensitivity_hit,fixed_parent_report_sentinel_not_source_called_not_independent_validation,False,-0.89256493352301636,P1P2
R2,PRDX1,R2:12567,not_in_processed_file,parental_A549,rho:ATMi_vs_DMSO,P1P2,-1.361358131370364,-1.361358131370364,sensitivity_hit,fixed_parent_report_sentinel_not_source_called_not_independent_validation,False,-0.89256493352301636,P1P2
R2,PRDX1,R2:12567,not_in_processed_file,parental_A549,rho:PARPi+ATMi_vs_DMSO,P1P2,-2.4806154527735229,-2.480615452773523,sensitivity_hit,fixed_parent_report_sentinel_not_source_called_not_independent_validation,False,-0.89256493352301636,P1P2
R2,PRDX1,R2:12567,not_in_processed_file,parental_A549,rho:WEE1i_vs_DMSO,P1P2,-0.74346218724515267,-0.7434621872451527,sensitivity_hit,fixed_parent_report_sentinel_not_source_called_not_independent_validation,False,-0.89256493352301636,P1P2
R2,PRDX1,R2:12567,not_in_processed_file,parental_A549,rho:PARPi+WEE1i_vs_DMSO,P1P2,-2.183291117602169,-2.183291117602169,sensitivity_hit,fixed_parent_report_sentinel_not_source_called_not_independent_validation,False,-0.89256493352301636,P1P2
R2,PRDX1,R2:12567,not_in_processed_file,parental_A549,rho:DNAPKi_vs_DMSO,P1P2,-3.0535675885787978,-3.053567588578798,sensitivity_hit,fixed_parent_report_sentinel_not_source_called_not_independent_validation,True,-0.89256493352301636,P1P2
R2,PRDX1,R2:12567,not_in_processed_file,parental_A549,rho:PARPi+DNAPKi_vs_DMSO,P1P2,-3.694028795371747,-3.694028795371747,sensitivity_hit,fixed_parent_report_sentinel_not_source_called_not_independent_validation,False,-0.89256493352301636,P1P2
R3,PRDX1,R3:13184,PRDX1_-_45987092.23-P1P2|PRDX1_-_45987480.23-P1P2,PRDX1KO,PRDX1KO::gamma:vehicle_vs_T0,P1P2,-5.8181751292234896E-3,-0.00581817512922349,target_non_hit,fixed_parent_report_sentinel_not_source_called_not_independent_validation,False,-0.14899696011899299,P1P2
R3,PRDX1,R3:13184,PRDX1_-_45987092.23-P1P2|PRDX1_-_45987480.23-P1P2,PRDX1KO,PRDX1KO::rho:DNAPKi_vs_vehicle,P1P2,3.052170578663442E-2,0.03052170578663442,target_non_hit,fixed_parent_report_sentinel_not_source_called_not_independent_validation,False,-0.14899696011899299,P1P2
R3,PRDX1,R3:13184,PRDX1_-_45987092.23-P1P2|PRDX1_-_45987480.23-P1P2,parent,parent::gamma:vehicle_vs_T0,P1P2,-0.14899696011899299,-0.148996960118993,essential_hit,fixed_parent_report_sentinel_not_source_called_not_independent_validation,False,-0.14899696011899299,P1P2
R3,PRDX1,R3:13184,PRDX1_-_45987092.23-P1P2|PRDX1_-_45987480.23-P1P2,parent,parent::rho:DNAPKi_vs_vehicle,P1P2,-10.6029541292655,-10.6029541292655,sensitivity_hit,fixed_parent_report_sentinel_not_source_called_not_independent_validation,True,-0.14899696011899299,P1P2
R3,PRDX1,R3:13184,PRDX1_-_45987092.23-P1P2|PRDX1_-_45987480.23-P1P2,vehicle,vehicle::gamma:parent_vs_T0,P1P2,-0.14901535172848601,-0.149015351728486,essential_hit,fixed_parent_report_sentinel_not_source_called_not_independent_validation,False,-0.14899696011899299,P1P2
R3,PRDX1,R3:13184,PRDX1_-_45987092.23-P1P2|PRDX1_-_45987480.23-P1P2,vehicle,vehicle::rho:PRDX1KO_vs_parent,P1P2,1.195342432585796,1.195342432585796,target_non_hit,fixed_parent_report_sentinel_not_source_called_not_independent_validation,False,-0.14899696011899299,P1P2
