gene,source_degree_numerator,source_degree_denominator,source_generic_fragility
ABL1,5,546,0.009157509157509158
ACTB,3,546,0.005494505494505495
ACTL6A_mis,24,456,0.05263157894736842
ACTR2_mis,25,546,0.045787545787545784
ACTR5,72,546,0.13186813186813187
ACTR8_mis,53,546,0.09706959706959707
ADPRHL2,8,546,0.014652014652014652
ALKBH1,9,546,0.016483516483516484
ALKBH2,12,546,0.02197802197802198
ALKBH3,2,546,0.003663003663003663
ALKBH5,3,546,0.005494505494505495
ANKLE1,2,546,0.003663003663003663
ANKRD32,17,546,0.031135531135531136
AP5S1,3,546,0.005494505494505495
AP5Z1,3,546,0.005494505494505495
APBB1,0,546,0.0
APEX1,2,546,0.003663003663003663
APEX2,65,546,0.11904761904761904
APITD1,6,546,0.01098901098901099
APLF,3,546,0.005494505494505495
APTX,1,546,0.0018315018315018315
AQR_mis,22,545,0.04036697247706422
ASCC1,10,545,0.01834862385321101
ASCC2,13,546,0.023809523809523808
ASCC3,56,546,0.10256410256410256
ASF1A,2,546,0.003663003663003663
ASTE1,1,546,0.0018315018315018315
ATM,7,546,0.01282051282051282
ATR,75,545,0.13761467889908258
ATRIP_mis,76,546,0.1391941391941392
ATRX_mis,79,546,0.1446886446886447
ATXN3,0,546,0.0
AUNIP,3,546,0.005494505494505495
AXIN2,3,546,0.005494505494505495
BABAM1,3,546,0.005494505494505495
BACH1,0,546,0.0
BARD1,89,546,0.163003663003663
BCCIP_mis,7,545,0.012844036697247707
BIVM,1,546,0.0018315018315018315
BIVM.ERCC5,7,546,0.01282051282051282
BLM,24,546,0.04395604395604396
BOD1L1,13,546,0.023809523809523808
BRCA1_mis,83,546,0.152014652014652
BRCA2,73,546,0.1336996336996337
BRCC3,3,546,0.005494505494505495
BRD8,13,546,0.023809523809523808
BRE,1,545,0.001834862385321101
BRIP1,8,545,0.014678899082568808
BTG2,5,546,0.009157509157509158
C11orf30,29,546,0.05311355311355311
C12orf5,5,546,0.009157509157509158
C14orf39,2,546,0.003663003663003663
C17orf104,3,546,0.005494505494505495
C17orf70,1,546,0.0018315018315018315
C19orf40,24,545,0.044036697247706424
C1orf86,4,546,0.007326007326007326
C20orf196,5,546,0.009157509157509158
C5orf45,4,546,0.007326007326007326
C7orf49,11,546,0.020146520146520148
C9orf142,2,546,0.003663003663003663
CBX8,2,546,0.003663003663003663
CCDC155,3,546,0.005494505494505495
CCNH_mis,74,546,0.13553113553113552
CDC14B,8,546,0.014652014652014652
CDC45,11,546,0.020146520146520148
CDC5L_mis,0,546,0.0
CDC7,26,546,0.047619047619047616
CDCA5_mis,0,545,0.0
CDK1_mis,30,546,0.054945054945054944
CDK2,37,546,0.06776556776556776
CDK7_mis,90,546,0.16483516483516483
CDK9,11,546,0.020146520146520148
CDKN2D,3,546,0.005494505494505495
CEBPG,60,546,0.10989010989010989
CEP164,1,546,0.0018315018315018315
CETN1,4,546,0.007326007326007326
CETN2,4,546,0.007326007326007326
CHAF1A,36,546,0.06593406593406594
CHAF1B_mis,61,546,0.11172161172161173
CHD1L,7,546,0.01282051282051282
CHEK1_mis,85,546,0.15567765567765568
CHEK2,47,546,0.08608058608058608
CHRNA4,27,546,0.04945054945054945
CIB1,1,546,0.0018315018315018315
CINP,35,546,0.0641025641025641
CLSPN,36,546,0.06593406593406594
COPS2,22,546,0.040293040293040296
COPS3,18,546,0.03296703296703297
COPS4,17,546,0.031135531135531136
COPS5,61,546,0.11172161172161173
COPS6_mis,5,545,0.009174311926605505
COPS7A,6,546,0.01098901098901099
COPS7B,4,546,0.007326007326007326
COPS8,49,546,0.08974358974358974
CSNK1E,1,546,0.0018315018315018315
CUL4A,4,546,0.007326007326007326
CUL4B,4,546,0.007326007326007326
CXorf57,5,546,0.009157509157509158
DCLRE1A,1,546,0.0018315018315018315
DCLRE1B,29,546,0.05311355311355311
DCLRE1C,4,546,0.007326007326007326
DDB1_mis,82,546,0.15018315018315018
DDB2,5,546,0.009157509157509158
DDX1,42,545,0.07706422018348624
DDX11,39,546,0.07142857142857142
DEK,6,546,0.01098901098901099
DHX9,33,546,0.06043956043956044
DMAP1_mis,52,546,0.09523809523809523
DMC1,1,546,0.0018315018315018315
DNA2_mis,57,546,0.1043956043956044
DNTT,7,546,0.01282051282051282
DOT1L,34,546,0.06227106227106227
DTL,47,546,0.08608058608058608
DTX3L,2,546,0.003663003663003663
EEPD1,2,546,0.003663003663003663
EGFR,1,546,0.0018315018315018315
EID3,2,546,0.003663003663003663
EME1,17,546,0.031135531135531136
EME2,3,545,0.005504587155963303
ENDOV,3,546,0.005494505494505495
EP300,2,545,0.003669724770642202
EP400,40,546,0.07326007326007326
EPC1,5,545,0.009174311926605505
EPC2,12,545,0.022018348623853212
ERCC1,17,545,0.031192660550458717
ERCC2_mis,36,546,0.06593406593406594
ERCC3_mis,32,546,0.05860805860805861
ERCC4,6,546,0.01098901098901099
ERCC5,7,546,0.01282051282051282
ERCC6,6,546,0.01098901098901099
ERCC6L2,0,546,0.0
ERCC8,1,546,0.0018315018315018315
ESCO2,44,545,0.08073394495412844
ETAA1,16,546,0.029304029304029304
EXD2,2,545,0.003669724770642202
EXO1,2,545,0.003669724770642202
EXO5,2,546,0.003663003663003663
EYA1,1,546,0.0018315018315018315
EYA2,4,546,0.007326007326007326
EYA3,8,546,0.014652014652014652
EYA4,7,546,0.01282051282051282
FAM168A,8,546,0.014652014652014652
FAM175A,23,545,0.04220183486238532
FAM178A,4,546,0.007326007326007326
FAM35A,34,546,0.06227106227106227
FAN1,4,546,0.007326007326007326
FANCA,28,546,0.05128205128205128
FANCB,17,546,0.031135531135531136
FANCC,42,546,0.07692307692307693
FANCD2,39,546,0.07142857142857142
FANCE,16,546,0.029304029304029304
FANCF,43,546,0.07875457875457875
FANCG,7,545,0.012844036697247707
FANCI_mis,12,546,0.02197802197802198
FANCL,10,546,0.018315018315018316
FANCM,35,546,0.0641025641025641
FBXO18,1,546,0.0018315018315018315
FBXO6,2,546,0.003663003663003663
FEN1,12,546,0.02197802197802198
FGF10,13,546,0.023809523809523808
FH,0,546,0.0
FIGN,4,546,0.007326007326007326
FIGNL1,6,546,0.01098901098901099
FIGNL2,14,546,0.02564102564102564
FMN2,2,546,0.003663003663003663
FOXM1,22,546,0.040293040293040296
FTO,7,546,0.01282051282051282
FUS,1,546,0.0018315018315018315
FZR1,127,546,0.2326007326007326
GADD45A,2,546,0.003663003663003663
GEN1,3,546,0.005494505494505495
GGN,0,546,0.0
GINS2_mis,0,546,0.0
GINS4_mis,132,546,0.24175824175824176
GLTSCR2_mis,6,546,0.01098901098901099
GPS1,13,546,0.023809523809523808
GTF2H1,53,546,0.09706959706959707
GTF2H2C_mis,0,546,0.0
GTF2H2_mis,3,546,0.005494505494505495
GTF2H3,56,546,0.10256410256410256
GTF2H4_mis,69,546,0.12637362637362637
GTF2H5,70,545,0.12844036697247707
H2AFX,8,546,0.014652014652014652
HDAC10,1,546,0.0018315018315018315
HELB,4,545,0.007339449541284404
HELQ,4,546,0.007326007326007326
HINFP_mis,77,546,0.14102564102564102
HIST3H2A,4,546,0.007326007326007326
HIST3H3,2,545,0.003669724770642202
HIST4H4,1,546,0.0018315018315018315
HMGA1,4,546,0.007326007326007326
HMGA2,1,546,0.0018315018315018315
HMGB1,2,545,0.003669724770642202
HMGB2,10,546,0.018315018315018316
HMGN1,3,545,0.005504587155963303
HSF1,3,546,0.005494505494505495
HUS1B,4,545,0.007339449541284404
HUS1_mis,125,546,0.22893772893772893
HUWE1,26,545,0.047706422018348627
IGHMBP2,5,546,0.009157509157509158
ING3,49,546,0.08974358974358974
INIP,2,546,0.003663003663003663
INO80B_mis,44,546,0.08058608058608059
INO80C,8,546,0.014652014652014652
INO80D,0,546,0.0
INO80E,60,546,0.10989010989010989
INO80_mis,53,546,0.09706959706959707
INTS3_mis,19,545,0.03486238532110092
ISG15,20,546,0.03663003663003663
JMY,1,546,0.0018315018315018315
KAT5,16,546,0.029304029304029304
KDM1A,1,546,0.0018315018315018315
KDM2A,25,546,0.045787545787545784
KDM4D,3,545,0.005504587155963303
KIAA0101,11,546,0.020146520146520148
KIAA0430,2,546,0.003663003663003663
KIF22,18,546,0.03296703296703297
KIN,11,546,0.020146520146520148
KLHL15,7,546,0.01282051282051282
LIG1,37,546,0.06776556776556776
LIG3,30,546,0.054945054945054944
LIG4,2,545,0.003669724770642202
MAD2L2,17,546,0.031135531135531136
MAGEF1,0,546,0.0
MB21D1,1,546,0.0018315018315018315
MBD4,5,546,0.009157509157509158
MBTD1,3,546,0.005494505494505495
MC1R,2,546,0.003663003663003663
MCM2_mis,0,546,0.0
MCM3_mis,42,546,0.07692307692307693
MCM4,40,546,0.07326007326007326
MCM5,47,545,0.08623853211009175
MCM6_mis,5,546,0.009157509157509158
MCM7,85,546,0.15567765567765568
MCM8,2,546,0.003663003663003663
MCM9,7,546,0.01282051282051282
MCMDC2,4,546,0.007326007326007326
MCRS1,14,546,0.02564102564102564
MDC1,23,546,0.04212454212454213
MEAF6,79,546,0.1446886446886447
MEIOB,1,546,0.0018315018315018315
MEN1,42,546,0.07692307692307693
MGME1,2,546,0.003663003663003663
MGMT,3,546,0.005494505494505495
MLH1,5,546,0.009157509157509158
MLH3,3,546,0.005494505494505495
MMS19,19,546,0.0347985347985348
MMS22L,34,546,0.06227106227106227
MNAT1,35,546,0.0641025641025641
MORF4L1,5,546,0.009157509157509158
MORF4L2,5,546,0.009157509157509158
MPG,10,546,0.018315018315018316
MRE11A,36,546,0.06593406593406594
MRGBP,14,546,0.02564102564102564
MSH2,8,546,0.014652014652014652
MSH3,1,546,0.0018315018315018315
MSH4,4,546,0.007326007326007326
MSH5,3,546,0.005494505494505495
MSH6,9,546,0.016483516483516484
MTA1,33,545,0.060550458715596334
MUM1,24,545,0.044036697247706424
MUS81,6,546,0.01098901098901099
MUTYH,19,546,0.0347985347985348
NABP1,4,546,0.007326007326007326
NABP2,4,546,0.007326007326007326
NBN,2,545,0.003669724770642202
NDNL2,23,546,0.04212454212454213
NEIL1,6,546,0.01098901098901099
NEIL2,2,546,0.003663003663003663
NEIL3,1,546,0.0018315018315018315
NFRKB,75,546,0.13736263736263737
NHEJ1,2,546,0.003663003663003663
NIPBL,6,546,0.01098901098901099
NONO,5,545,0.009174311926605505
NPAS2,0,546,0.0
NPLOC4,58,546,0.10622710622710622
NPM1,7,546,0.01282051282051282
NSMCE1_mis,31,546,0.056776556776556776
NSMCE2,16,546,0.029304029304029304
NSMCE4A,1,546,0.0018315018315018315
NTHL1,1,546,0.0018315018315018315
NUCKS1,2,546,0.003663003663003663
NUDT1,3,546,0.005494505494505495
NUDT16,1,546,0.0018315018315018315
NUDT16L1,10,546,0.018315018315018316
OBFC1,20,546,0.03663003663003663
OGG1,3,546,0.005494505494505495
OTUB1,34,546,0.06227106227106227
PAGR1,3,546,0.005494505494505495
PALB2,17,546,0.031135531135531136
PAPD7,1,546,0.0018315018315018315
PARG,13,545,0.023853211009174313
PARK7,0,546,0.0
PARP1,3,546,0.005494505494505495
PARP10,4,546,0.007326007326007326
PARP2,6,546,0.01098901098901099
PARP3,3,546,0.005494505494505495
PARP4,2,546,0.003663003663003663
PARP9,3,546,0.005494505494505495
PARPBP,11,546,0.020146520146520148
PAXIP1,4,546,0.007326007326007326
PCNA,66,546,0.12087912087912088
PDS5A,0,546,0.0
PDS5B,3,546,0.005494505494505495
PIAS4,51,546,0.09340659340659341
PIF1,13,546,0.023809523809523808
PML,3,546,0.005494505494505495
PMS1,5,546,0.009157509157509158
PMS2,1,546,0.0018315018315018315
PNKP,9,546,0.016483516483516484
POLA1,85,546,0.15567765567765568
POLB,1,546,0.0018315018315018315
POLD1_mis,17,546,0.031135531135531136
POLD2_mis,23,546,0.04212454212454213
POLD3_mis,51,546,0.09340659340659341
POLD4,2,546,0.003663003663003663
POLE2_mis,2,546,0.003663003663003663
POLE_mis,0,545,0.0
POLG,5,546,0.009157509157509158
POLG2,31,546,0.056776556776556776
POLH,5,545,0.009174311926605505
POLI,10,546,0.018315018315018316
POLK,5,546,0.009157509157509158
POLL,3,546,0.005494505494505495
POLM,2,546,0.003663003663003663
POLN,44,546,0.08058608058608059
POLQ,4,546,0.007326007326007326
POLR1A,18,546,0.03296703296703297
POLR1B_mis,50,545,0.09174311926605505
POLR2A_mis,36,546,0.06593406593406594
POLR2B_mis,44,545,0.08073394495412844
POLR2C_mis,0,546,0.0
POLR2D_mis,47,546,0.08608058608058608
POLR2E_mis,45,546,0.08241758241758242
POLR2F,38,546,0.0695970695970696
POLR2G_mis,1,545,0.001834862385321101
POLR2H_mis,1,544,0.001838235294117647
POLR2I_mis,0,546,0.0
POLR2K_mis,7,545,0.012844036697247707
POLR2L,52,546,0.09523809523809523
PPIE_mis,5,545,0.009174311926605505
PPP4C,98,546,0.1794871794871795
PPP4R2,10,546,0.018315018315018316
PPP5C,3,546,0.005494505494505495
PRDM9,1,546,0.0018315018315018315
PRIMPOL,1,546,0.0018315018315018315
PRKCG,4,546,0.007326007326007326
PRMT6,4,546,0.007326007326007326
PRPF19_mis,55,545,0.10091743119266056
PSMD14_mis,37,546,0.06776556776556776
PSME4,2,546,0.003663003663003663
PTTG1,47,546,0.08608058608058608
RAB43,4,545,0.007339449541284404
RAD1,60,546,0.10989010989010989
RAD17_mis,15,546,0.027472527472527472
RAD18,2,546,0.003663003663003663
RAD21,4,546,0.007326007326007326
RAD21L1,2,546,0.003663003663003663
RAD23A,3,546,0.005494505494505495
RAD23B,1,546,0.0018315018315018315
RAD50,14,546,0.02564102564102564
RAD51,51,545,0.09357798165137615
RAD51AP1,5,546,0.009157509157509158
RAD51B,10,546,0.018315018315018316
RAD51C,65,545,0.11926605504587157
RAD51D,13,546,0.023809523809523808
RAD52,1,546,0.0018315018315018315
RAD54B,5,546,0.009157509157509158
RAD54L,0,546,0.0
RAD9A_mis,78,546,0.14285714285714285
RAD9B,70,546,0.1282051282051282
RBBP8,7,546,0.01282051282051282
RBM17_mis,25,546,0.045787545787545784
RBX1_mis,60,545,0.11009174311926606
RCHY1,4,546,0.007326007326007326
REC8,1,546,0.0018315018315018315
RECQL,5,546,0.009157509157509158
RECQL4_mis,14,546,0.02564102564102564
RECQL5,13,546,0.023809523809523808
REV1,9,546,0.016483516483516484
REV3L,5,546,0.009157509157509158
REXO4,1,546,0.0018315018315018315
RFC1,39,546,0.07142857142857142
RFC2_mis,77,546,0.14102564102564102
RFC3_mis,62,546,0.11355311355311355
RFC4_mis,17,546,0.031135531135531136
RFC5_mis,50,546,0.09157509157509157
RFWD3,13,546,0.023809523809523808
RHNO1,17,546,0.031135531135531136
RIF1,35,546,0.0641025641025641
RMI1,14,545,0.025688073394495414
RMI2,16,546,0.029304029304029304
RNASEH2A,17,546,0.031135531135531136
RNF111,0,546,0.0
RNF113A_mis,49,545,0.08990825688073395
RNF138,3,546,0.005494505494505495
RNF168,7,546,0.01282051282051282
RNF169,1,546,0.0018315018315018315
RNF8,43,546,0.07875457875457875
RPA1_mis,32,546,0.05860805860805861
RPA2_mis,0,545,0.0
RPA3_mis,69,546,0.12637362637362637
RPA4,5,546,0.009157509157509158
RPAIN,48,545,0.08807339449541285
RPS27A_mis,0,545,0.0
RPS3_mis,55,545,0.10091743119266056
RRM1_mis,1,546,0.0018315018315018315
RRM2B,5,546,0.009157509157509158
RTEL1,12,546,0.02197802197802198
RUVBL1_mis,68,546,0.12454212454212454
RUVBL2_mis,1,545,0.001834862385321101
SAMHD1,0,546,0.0
SETD2,11,546,0.020146520146520148
SETMAR,2,546,0.003663003663003663
SETX,3,546,0.005494505494505495
SFPQ,35,545,0.06422018348623854
SFR1,2,546,0.003663003663003663
SHFM1_mis,96,546,0.17582417582417584
SHPRH,10,545,0.01834862385321101
SIRT1,1,546,0.0018315018315018315
SIRT6,1,546,0.0018315018315018315
SLC30A9,8,546,0.014652014652014652
SLX1A,8,546,0.014652014652014652
SLX4,20,545,0.03669724770642202
SMARCAD1,3,546,0.005494505494505495
SMARCAL1,13,546,0.023809523809523808
SMARCB1,2,546,0.003663003663003663
SMC1A_mis,29,546,0.05311355311355311
SMC3,76,546,0.1391941391941392
SMC5,5,546,0.009157509157509158
SMC6,56,546,0.10256410256410256
SMCHD1,1,546,0.0018315018315018315
SMEK2,2,546,0.003663003663003663
SMG1,20,546,0.03663003663003663
SMUG1,5,545,0.009174311926605505
SPATA22,3,546,0.005494505494505495
SPIDR,2,546,0.003663003663003663
SPIRE1,1,546,0.0018315018315018315
SPIRE2,3,545,0.005504587155963303
SPO11,2,546,0.003663003663003663
SPRTN,7,546,0.01282051282051282
SSRP1_mis,70,546,0.1282051282051282
STRA13,11,546,0.020146520146520148
STUB1,7,545,0.012844036697247707
SUMO1,75,546,0.13736263736263737
SUPT16H,40,545,0.07339449541284404
SUV420H1,1,546,0.0018315018315018315
SUV420H2,1,545,0.001834862385321101
SWI5,10,545,0.01834862385321101
SWSAP1,9,546,0.016483516483516484
SYCP1,3,545,0.005504587155963303
TAOK1,0,546,0.0
TAOK3,8,545,0.014678899082568808
TCEA1,12,546,0.02197802197802198
TDG,2,546,0.003663003663003663
TDP1,2,545,0.003669724770642202
TDP2,34,546,0.06227106227106227
TERF2,64,546,0.11721611721611722
TERF2IP,3,546,0.005494505494505495
TEX12,2,546,0.003663003663003663
TEX15,2,545,0.003669724770642202
TFIP11_mis,8,546,0.014652014652014652
TFPT,34,546,0.06227106227106227
TICRR_mis,46,546,0.08424908424908426
TIMELESS_mis,42,546,0.07692307692307693
TMEM161A,9,546,0.016483516483516484
TMEM189.UBE2V1,12,545,0.022018348623853212
TNKS1BP1,0,546,0.0
TNP1,5,546,0.009157509157509158
TONSL_mis,15,545,0.027522935779816515
TOP3A,49,545,0.08990825688073395
TOPBP1_mis,85,545,0.1559633027522936
TP53,2,546,0.003663003663003663
TP53BP1,2,546,0.003663003663003663
TP73,2,545,0.003669724770642202
TREX1,1,546,0.0018315018315018315
TREX2,8,546,0.014652014652014652
TRIM25,10,545,0.01834862385321101
TRIM28,0,546,0.0
TRIP12,23,546,0.04212454212454213
TRIP13,24,546,0.04395604395604396
TRRAP,78,546,0.14285714285714285
TTC5,3,546,0.005494505494505495
TWIST1,1,546,0.0018315018315018315
UBA52_mis,3,545,0.005504587155963303
UBB,10,546,0.018315018315018316
UBC,13,546,0.023809523809523808
UBE2A,2,546,0.003663003663003663
UBE2B,68,545,0.12477064220183487
UBE2D3,38,545,0.06972477064220184
UBE2L6,1,545,0.001834862385321101
UBE2N,14,545,0.025688073394495414
UBE2T,31,546,0.056776556776556776
UBE2U,2,546,0.003663003663003663
UBE2V1,4,546,0.007326007326007326
UBE2V2,54,546,0.0989010989010989
UBE2W,1,546,0.0018315018315018315
UBQLN4,1,546,0.0018315018315018315
UBR5,15,546,0.027472527472527472
UCHL5,28,546,0.05128205128205128
UFD1L,23,546,0.04212454212454213
UHRF1,61,546,0.11172161172161173
UIMC1,3,545,0.005504587155963303
UNG,3,546,0.005494505494505495
UPF1,42,546,0.07692307692307693
USP1,5,546,0.009157509157509158
USP10,15,546,0.027472527472527472
USP28,1,546,0.0018315018315018315
USP3,1,546,0.0018315018315018315
USP43,2,546,0.003663003663003663
USP45,2,546,0.003663003663003663
USP47,0,546,0.0
USP51,4,546,0.007326007326007326
USP7,8,546,0.014652014652014652
UVRAG,39,546,0.07142857142857142
UVSSA,96,546,0.17582417582417584
VCP_mis,71,545,0.13027522935779817
VPS72_mis,109,545,0.2
WAS,1,546,0.0018315018315018315
WDHD1_mis,73,546,0.1336996336996337
WDR33_mis,33,546,0.06043956043956044
WDR48,17,546,0.031135531135531136
WDR70_mis,83,545,0.15229357798165138
WHSC1,11,546,0.020146520146520148
WRAP53,7,546,0.01282051282051282
WRN,1,546,0.0018315018315018315
WRNIP1,1,546,0.0018315018315018315
XAB2_mis,53,545,0.09724770642201835
XPA,4,546,0.007326007326007326
XPC,11,546,0.020146520146520148
XRCC1,13,545,0.023853211009174313
XRCC2,8,546,0.014652014652014652
XRCC3,10,546,0.018315018315018316
XRCC4,2,545,0.003669724770642202
XRCC5_mis,6,546,0.01098901098901099
XRCC6BP1,5,545,0.009174311926605505
XRCC6_mis,19,546,0.0347985347985348
YEATS4,16,546,0.029304029304029304
YY1,2,546,0.003663003663003663
ZBTB1,1,545,0.001834862385321101
ZBTB7A,1,546,0.0018315018315018315
ZFYVE26,6,545,0.011009174311926606
ZMPSTE24,1,545,0.001834862385321101
ZNF365,4,546,0.007326007326007326
ZNF830_mis,8,546,0.014652014652014652
ZRANB3,2,546,0.003663003663003663
ZSWIM7,3,546,0.005494505494505495
