cohort,class,status,metric,N,q25,median,q75,quantile_method
threeway419,source_called,retained,gemini_sensitive,14,-1.4244948072499999,-1.1282077369999999,-1.054750946,linear_type7
threeway419,source_called,retained,source_generic_fragility,14,0.054945054945054944,0.07516214672177976,0.09386446886446886,linear_type7
threeway419,source_called,omitted,gemini_sensitive,22,-1.6334233815,-1.4026220889999998,-1.125952055,linear_type7
threeway419,source_called,omitted,source_generic_fragility,22,0.06593406593406594,0.08882783882783883,0.1259157509157509,linear_type7
threeway419,source_not_called,retained,gemini_sensitive,405,-0.36362795,-0.071500728,0.0,linear_type7
threeway419,source_not_called,retained,source_generic_fragility,405,0.003663003663003663,0.007339449541284404,0.02197802197802198,linear_type7
threeway419,source_not_called,omitted,gemini_sensitive,106,-0.50861159675,-0.2035954405,0.0,linear_type7
threeway419,source_not_called,omitted,source_generic_fragility,106,0.014652014652014652,0.06227106227106227,0.10091743119266056,linear_type7
P400,source_called,retained,gemini_sensitive,12,-1.557999553,-1.1282077369999999,-1.064133825,linear_type7
P400,source_called,retained,source_generic_fragility,12,0.050824175824175824,0.07516214672177976,0.08379120879120878,linear_type7
P400,source_called,omitted,gemini_sensitive,24,-1.5493842985,-1.33184225,-1.1115273835000001,linear_type7
P400,source_called,omitted,source_generic_fragility,24,0.06550559532210909,0.08882783882783883,0.12734902711966933,linear_type7
P400,source_not_called,retained,gemini_sensitive,388,-0.34731991225,-0.071374256,0.0,linear_type7
P400,source_not_called,retained,source_generic_fragility,388,0.003663003663003663,0.007326007326007326,0.020146520146520148,linear_type7
P400,source_not_called,omitted,gemini_sensitive,123,-0.5197094105,-0.211299307,0.0,linear_type7
P400,source_not_called,omitted,source_generic_fragility,123,0.014652014652014652,0.0641025641025641,0.09908256880733946,linear_type7
P380,source_called,retained,gemini_sensitive,12,-1.557999553,-1.1282077369999999,-1.064133825,linear_type7
P380,source_called,retained,source_generic_fragility,12,0.050824175824175824,0.07516214672177976,0.08379120879120878,linear_type7
P380,source_called,omitted,gemini_sensitive,24,-1.5493842985,-1.33184225,-1.1115273835000001,linear_type7
P380,source_called,omitted,source_generic_fragility,24,0.06550559532210909,0.08882783882783883,0.12734902711966933,linear_type7
P380,source_not_called,retained,gemini_sensitive,368,-0.337454946,-0.067258602,0.0,linear_type7
P380,source_not_called,retained,source_generic_fragility,368,0.003663003663003663,0.007332728433645865,0.020146520146520148,linear_type7
P380,source_not_called,omitted,gemini_sensitive,143,-0.5065534695,-0.211299307,0.0,linear_type7
P380,source_not_called,omitted,source_generic_fragility,143,0.008241758241758242,0.04212454212454213,0.09432234432234432,linear_type7
