condition	module_id	gene	raw_score	q_minus_half	record_type	contrast_HR_minus_metabolic
PARPi	HAP1.L2.32	APEX2	-0.06957769551612314	0.23486404833836858		
PARPi	HAP1.L2.32	EXO1	0.03170923109054943	-0.035347432024169186		
PARPi	HAP1.L2.32	MND1	-0.7941026346637632	0.49836858006042295		
PARPi	HAP1.L2.32	PARP1	0.4202672660093733	-0.4780060422960725		
PARPi	HAP1.L2.32	PSMC3IP	-0.8427117742787564	0.4984894259818731		
PARPi	HAP1.L2.32	RAD51B	-1.55597079251267	0.4995166163141994		
PARPi	HAP1.L2.32	RAD54L	-0.755756437011688	0.49812688821752266		
PARPi	HAP1.L2.32	XRCC2	-1.387233260240938	0.49939577039274924		
PARPi	HAP1.L2.32	ZSWIM7	-0.2627530588177693	0.4705740181268882		
PARPi	HAP1.L2.139	ABCD4	0.008117348786078317	0.025438066465256797		
PARPi	HAP1.L2.139	ADK	-0.06048808850796039	0.21117824773413899		
PARPi	HAP1.L2.139	ANKRD40	0.1325321532332189	-0.26900302114803626		
PARPi	HAP1.L2.139	HPRT1	-0.04718814601126642	0.17709969788519636		
PARPi	HAP1.L2.139	MMACHC	-0.06002431745367875	0.21003021148036255		
PARPi	HAP1.L2.139	MTR	0.1360771817381658	-0.27558912386706946		
PARPi	HAP1.L2.139	MTRR	-0.01351874324746009	0.08356495468277945		
PARPi	HAP1.L2.139	PNP	0.2079736635109204	-0.380785498489426		
PARPi	HAP1.L2.139	SHMT1	0.0935320349147585	-0.18996978851963747		
PARPi	HAP1.L2.139	SLC43A3	-0.03799413557154169	0.150392749244713		
PARPi	HAP1.L2.32	APEX2			contrast_after_single_removal	0.33215407854984896
PARPi	HAP1.L2.32	EXO1			contrast_after_single_removal	0.36593051359516615
PARPi	HAP1.L2.32	MND1			contrast_after_single_removal	0.29921601208459214
PARPi	HAP1.L2.32	PARP1			contrast_after_single_removal	0.4212628398791541
PARPi	HAP1.L2.32	PSMC3IP			contrast_after_single_removal	0.2992009063444109
PARPi	HAP1.L2.32	RAD51B			contrast_after_single_removal	0.29907250755287007
PARPi	HAP1.L2.32	RAD54L			contrast_after_single_removal	0.29924622356495467
PARPi	HAP1.L2.32	XRCC2			contrast_after_single_removal	0.29908761329305134
PARPi	HAP1.L2.32	ZSWIM7			contrast_after_single_removal	0.302690332326284
PARPi	HAP1.L2.139	ABCD4			contrast_after_single_removal	0.3298959382343068
PARPi	HAP1.L2.139	ADK			contrast_after_single_removal	0.3505337361530715
PARPi	HAP1.L2.139	ANKRD40			contrast_after_single_removal	0.2971802618328298
PARPi	HAP1.L2.139	HPRT1			contrast_after_single_removal	0.34674723061430013
PARPi	HAP1.L2.139	MMACHC			contrast_after_single_removal	0.35040617656931855
PARPi	HAP1.L2.139	MTR			contrast_after_single_removal	0.2964484726418261
PARPi	HAP1.L2.139	MTRR			contrast_after_single_removal	0.3363544813695871
PARPi	HAP1.L2.139	PNP			contrast_after_single_removal	0.28475998657267537
PARPi	HAP1.L2.139	SHMT1			contrast_after_single_removal	0.3059617321248741
PARPi	HAP1.L2.139	SLC43A3			contrast_after_single_removal	0.3437797918764686
WEE1i	HAP1.L2.32	APEX2	-0.3260227156293468	0.4151057401812689		
WEE1i	HAP1.L2.32	EXO1	0.2786893824644247	-0.45637462235649545		
WEE1i	HAP1.L2.32	MND1	-0.2388529076247883	0.3595166163141994		
WEE1i	HAP1.L2.32	PARP1	-0.1833844569311218	0.2974622356495468		
WEE1i	HAP1.L2.32	PSMC3IP	-0.1242519373622354	0.20404833836858005		
WEE1i	HAP1.L2.32	RAD51B	-0.07292011878767068	0.10441087613293051		
WEE1i	HAP1.L2.32	RAD54L	0.008633124360454929	-0.07885196374622357		
WEE1i	HAP1.L2.32	XRCC2	-0.435994751305431	0.44833836858006043		
WEE1i	HAP1.L2.32	ZSWIM7	0.1840157873145092	-0.3916616314199396		
WEE1i	HAP1.L2.139	ABCD4	-0.04059340556597905	0.033293051359516615		
WEE1i	HAP1.L2.139	ADK	0.3450410784782716	-0.47673716012084594		
WEE1i	HAP1.L2.139	ANKRD40	-0.008156611367191743	-0.040362537764350455		
WEE1i	HAP1.L2.139	HPRT1	-0.07504098277976143	0.1081570996978852		
WEE1i	HAP1.L2.139	MMACHC	-0.0154982790775408	-0.022779456193353476		
WEE1i	HAP1.L2.139	MTR	-0.07897605860792763	0.11740181268882176		
WEE1i	HAP1.L2.139	MTRR	-0.1035295958671464	0.1661631419939577		
WEE1i	HAP1.L2.139	PNP	0.005011445938006473	-0.07051359516616314		
WEE1i	HAP1.L2.139	SHMT1	-0.0195704423575848	-0.012930513595166164		
WEE1i	HAP1.L2.139	SLC43A3	0.1444721443018001	-0.3413897280966767		
WEE1i	HAP1.L2.32	APEX2			contrast_after_single_removal	0.1148308157099698
WEE1i	HAP1.L2.32	EXO1			contrast_after_single_removal	0.22376586102719034
WEE1i	HAP1.L2.32	MND1			contrast_after_single_removal	0.12177945619335348
WEE1i	HAP1.L2.32	PARP1			contrast_after_single_removal	0.12953625377643505
WEE1i	HAP1.L2.32	PSMC3IP			contrast_after_single_removal	0.1412129909365559
WEE1i	HAP1.L2.32	RAD51B			contrast_after_single_removal	0.1536676737160121
WEE1i	HAP1.L2.32	RAD54L			contrast_after_single_removal	0.17657552870090634
WEE1i	HAP1.L2.32	XRCC2			contrast_after_single_removal	0.11067673716012084
WEE1i	HAP1.L2.32	ZSWIM7			contrast_after_single_removal	0.21567673716012084
WEE1i	HAP1.L2.139	ABCD4			contrast_after_single_removal	0.1638872104733132
WEE1i	HAP1.L2.139	ADK			contrast_after_single_removal	0.10721718697549514
WEE1i	HAP1.L2.139	ANKRD40			contrast_after_single_removal	0.15570325612621685
WEE1i	HAP1.L2.139	HPRT1			contrast_after_single_removal	0.17220543806646527
WEE1i	HAP1.L2.139	MMACHC			contrast_after_single_removal	0.15765693185632762
WEE1i	HAP1.L2.139	MTR			contrast_after_single_removal	0.17323262839879153
WEE1i	HAP1.L2.139	MTRR			contrast_after_single_removal	0.17865055387714
WEE1i	HAP1.L2.139	PNP			contrast_after_single_removal	0.15235313863712655
WEE1i	HAP1.L2.139	SHMT1			contrast_after_single_removal	0.15875125881168178
WEE1i	HAP1.L2.139	SLC43A3			contrast_after_single_removal	0.12225579053373616
ATMi	HAP1.L2.32	APEX2	-0.04455338754760207	0.021570996978851963		
ATMi	HAP1.L2.32	EXO1	-0.516767884815218	0.45806646525679756		
ATMi	HAP1.L2.32	MND1	-0.6868069616735255	0.4792749244712991		
ATMi	HAP1.L2.32	PARP1	-1.020451014742789	0.4952870090634441		
ATMi	HAP1.L2.32	PSMC3IP	-0.7906981569751302	0.48634441087613295		
ATMi	HAP1.L2.32	RAD51B	-0.985189859161968	0.4940181268882175		
ATMi	HAP1.L2.32	RAD54L	-0.4682806611770688	0.44809667673716014		
ATMi	HAP1.L2.32	XRCC2	-1.021907126842753	0.4953474320241692		
ATMi	HAP1.L2.32	ZSWIM7	-0.01815887084476517	-0.03595166163141994		
ATMi	HAP1.L2.139	ABCD4	-0.05697995362991411	0.04773413897280967		
ATMi	HAP1.L2.139	ADK	0.1687367401278251	-0.38586102719033233		
ATMi	HAP1.L2.139	ANKRD40	0.03029165804121743	-0.14302114803625376		
ATMi	HAP1.L2.139	HPRT1	0.3077984688274758	-0.4741993957703928		
ATMi	HAP1.L2.139	MMACHC	0.26332337964779	-0.45836858006042297		
ATMi	HAP1.L2.139	MTR	-0.1165415969653771	0.17051359516616313		
ATMi	HAP1.L2.139	MTRR	0.07687416538956171	-0.24102719033232628		
ATMi	HAP1.L2.139	PNP	-0.08675707248039913	0.11129909365558913		
ATMi	HAP1.L2.139	SHMT1	-0.01621260637351826	-0.0404833836858006		
ATMi	HAP1.L2.139	SLC43A3	0.2003137833016608	-0.41879154078549846		
ATMi	HAP1.L2.32	APEX2			contrast_after_single_removal	0.5982809667673716
ATMi	HAP1.L2.32	EXO1			contrast_after_single_removal	0.5437190332326284
ATMi	HAP1.L2.32	MND1			contrast_after_single_removal	0.5410679758308157
ATMi	HAP1.L2.32	PARP1			contrast_after_single_removal	0.5390664652567976
ATMi	HAP1.L2.32	PSMC3IP			contrast_after_single_removal	0.5401842900302115
ATMi	HAP1.L2.32	RAD51B			contrast_after_single_removal	0.5392250755287009
ATMi	HAP1.L2.32	RAD54L			contrast_after_single_removal	0.5449652567975831
ATMi	HAP1.L2.32	XRCC2			contrast_after_single_removal	0.539058912386707
ATMi	HAP1.L2.32	ZSWIM7			contrast_after_single_removal	0.6054712990936556
ATMi	HAP1.L2.139	ABCD4			contrast_after_single_removal	0.5802215508559919
ATMi	HAP1.L2.139	ADK			contrast_after_single_removal	0.5320443101711984
ATMi	HAP1.L2.139	ANKRD40			contrast_after_single_removal	0.559026518966096
ATMi	HAP1.L2.139	HPRT1			contrast_after_single_removal	0.522228935884525
ATMi	HAP1.L2.139	MMACHC			contrast_after_single_removal	0.5239879154078549
ATMi	HAP1.L2.139	MTR			contrast_after_single_removal	0.5938637126552534
ATMi	HAP1.L2.139	MTRR			contrast_after_single_removal	0.5481369587109768
ATMi	HAP1.L2.139	PNP			contrast_after_single_removal	0.587284323598523
ATMi	HAP1.L2.139	SHMT1			contrast_after_single_removal	0.5704196038939241
ATMi	HAP1.L2.139	SLC43A3			contrast_after_single_removal	0.5283853642161799
ATRi	HAP1.L2.32	APEX2	-0.4639780220095103	0.4873111782477341		
ATRi	HAP1.L2.32	EXO1	-0.154522915958213	0.35879154078549846		
ATRi	HAP1.L2.32	MND1	-0.4578586730513209	0.4871299093655589		
ATRi	HAP1.L2.32	PARP1	-0.7590083229913382	0.49564954682779455		
ATRi	HAP1.L2.32	PSMC3IP	-0.5700427413621465	0.491963746223565		
ATRi	HAP1.L2.32	RAD51B	-1.123963667849686	0.4979456193353474		
ATRi	HAP1.L2.32	RAD54L	-0.5467644075464287	0.4911178247734139		
ATRi	HAP1.L2.32	XRCC2	-1.154090632239006	0.49836858006042295		
ATRi	HAP1.L2.32	ZSWIM7	-0.2162785717574874	0.4210271903323263		
ATRi	HAP1.L2.139	ABCD4	0.01924179823031865	-0.03093655589123867		
ATRi	HAP1.L2.139	ADK	0.319892321850797	-0.4773413897280967		
ATRi	HAP1.L2.139	ANKRD40	-0.1492529449072258	0.3509365558912387		
ATRi	HAP1.L2.139	HPRT1	-0.1607407631463553	0.36634441087613295		
ATRi	HAP1.L2.139	MMACHC	0.08958215630466171	-0.22241691842900302		
ATRi	HAP1.L2.139	MTR	0.1354191130167468	-0.31619335347432026		
ATRi	HAP1.L2.139	MTRR	0.2296553401713707	-0.43202416918429004		
ATRi	HAP1.L2.139	PNP	-0.02582466234497494	0.09444108761329305		
ATRi	HAP1.L2.139	SHMT1	-0.2320763801855703	0.43202416918429004		
ATRi	HAP1.L2.139	SLC43A3	0.09752529869344295	-0.23957703927492446		
ATRi	HAP1.L2.32	APEX2			contrast_after_single_removal	0.5152235649546828
ATRi	HAP1.L2.32	EXO1			contrast_after_single_removal	0.5312885196374623
ATRi	HAP1.L2.32	MND1			contrast_after_single_removal	0.5152462235649546
ATRi	HAP1.L2.32	PARP1			contrast_after_single_removal	0.5141812688821752
ATRi	HAP1.L2.32	PSMC3IP			contrast_after_single_removal	0.5146419939577039
ATRi	HAP1.L2.32	RAD51B			contrast_after_single_removal	0.5138942598187312
ATRi	HAP1.L2.32	RAD54L			contrast_after_single_removal	0.5147477341389728
ATRi	HAP1.L2.32	XRCC2			contrast_after_single_removal	0.5138413897280967
ATRi	HAP1.L2.32	ZSWIM7			contrast_after_single_removal	0.5235090634441087
ATRi	HAP1.L2.139	ABCD4			contrast_after_single_removal	0.5192346424974824
ATRi	HAP1.L2.139	ADK			contrast_after_single_removal	0.4696341054044982
ATRi	HAP1.L2.139	ANKRD40			contrast_after_single_removal	0.561664988251091
ATRi	HAP1.L2.139	HPRT1			contrast_after_single_removal	0.5633769721383014
ATRi	HAP1.L2.139	MMACHC			contrast_after_single_removal	0.497959046659953
ATRi	HAP1.L2.139	MTR			contrast_after_single_removal	0.48753944276602884
ATRi	HAP1.L2.139	MTRR			contrast_after_single_removal	0.4746693521315878
ATRi	HAP1.L2.139	PNP			contrast_after_single_removal	0.5331654917757637
ATRi	HAP1.L2.139	SHMT1			contrast_after_single_removal	0.57067472306143
ATRi	HAP1.L2.139	SLC43A3			contrast_after_single_removal	0.49605236656596174
DNAPKi	HAP1.L2.32	APEX2	0.1553964258376285	-0.3499093655589124		
DNAPKi	HAP1.L2.32	EXO1	-0.2776666619213576	0.3330513595166163		
DNAPKi	HAP1.L2.32	MND1	-0.1405695374169812	0.17027190332326284		
DNAPKi	HAP1.L2.32	PARP1	-1.212357324418439	0.496012084592145		
DNAPKi	HAP1.L2.32	PSMC3IP	-0.3853569077388929	0.40012084592145014		
DNAPKi	HAP1.L2.32	RAD51B	-1.729264179681142	0.49939577039274924		
DNAPKi	HAP1.L2.32	RAD54L	-0.2761845510469937	0.33184290030211483		
DNAPKi	HAP1.L2.32	XRCC2	-1.568167718489008	0.4987915407854985		
DNAPKi	HAP1.L2.32	ZSWIM7	-0.09070490620701252	0.08199395770392749		
DNAPKi	HAP1.L2.139	ABCD4	-0.1297034336950399	0.1528700906344411		
DNAPKi	HAP1.L2.139	ADK	0.2648309718208877	-0.4445317220543807		
DNAPKi	HAP1.L2.139	ANKRD40	0.2729323110066859	-0.4493051359516616		
DNAPKi	HAP1.L2.139	HPRT1	0.0413071329126778	-0.16549848942598186		
DNAPKi	HAP1.L2.139	MMACHC	-0.0366640982955125	-0.01758308157099698		
DNAPKi	HAP1.L2.139	MTR	0.05150338270102198	-0.1851963746223565		
DNAPKi	HAP1.L2.139	MTRR	0.1467074479796007	-0.3404833836858006		
DNAPKi	HAP1.L2.139	PNP	-0.2584093991898988	0.3153474320241692		
DNAPKi	HAP1.L2.139	SHMT1	0.00823371086407887	-0.1042296072507553		
DNAPKi	HAP1.L2.139	SLC43A3	0.0116955007184103	-0.11051359516616314		
DNAPKi	HAP1.L2.32	APEX2			contrast_after_single_removal	0.4863474320241692
DNAPKi	HAP1.L2.32	EXO1			contrast_after_single_removal	0.40097734138972807
DNAPKi	HAP1.L2.32	MND1			contrast_after_single_removal	0.4213247734138973
DNAPKi	HAP1.L2.32	PARP1			contrast_after_single_removal	0.380607250755287
DNAPKi	HAP1.L2.32	PSMC3IP			contrast_after_single_removal	0.39259365558912385
DNAPKi	HAP1.L2.32	RAD51B			contrast_after_single_removal	0.3801842900302115
DNAPKi	HAP1.L2.32	RAD54L			contrast_after_single_removal	0.4011283987915408
DNAPKi	HAP1.L2.32	XRCC2			contrast_after_single_removal	0.3802598187311178
DNAPKi	HAP1.L2.32	ZSWIM7			contrast_after_single_removal	0.4323595166163142
DNAPKi	HAP1.L2.139	ABCD4			contrast_after_single_removal	0.4403961060758644
DNAPKi	HAP1.L2.139	ADK			contrast_after_single_removal	0.3740181268882175
DNAPKi	HAP1.L2.139	ANKRD40			contrast_after_single_removal	0.37348774756629743
DNAPKi	HAP1.L2.139	HPRT1			contrast_after_single_removal	0.40502181940248405
DNAPKi	HAP1.L2.139	MMACHC			contrast_after_single_removal	0.4214568647197046
DNAPKi	HAP1.L2.139	MTR			contrast_after_single_removal	0.4028331654917758
DNAPKi	HAP1.L2.139	MTRR			contrast_after_single_removal	0.3855790533736153
DNAPKi	HAP1.L2.139	PNP			contrast_after_single_removal	0.4584491440080564
DNAPKi	HAP1.L2.139	SHMT1			contrast_after_single_removal	0.4118294729775092
DNAPKi	HAP1.L2.139	SLC43A3			contrast_after_single_removal	0.4111312520980195
gamma_DMSO	HAP1.L2.32	APEX2	-0.2578968836752155	0.19613293051359518		
gamma_DMSO	HAP1.L2.32	EXO1	-0.08672281342131724	-0.017099697885196375		
gamma_DMSO	HAP1.L2.32	MND1	-0.09540115373986364	-0.0012084592145015106		
gamma_DMSO	HAP1.L2.32	PARP1	-0.3800155983478357	0.2612688821752266		
gamma_DMSO	HAP1.L2.32	PSMC3IP	-0.9201625920597585	0.3809063444108761		
gamma_DMSO	HAP1.L2.32	RAD51B	-0.9013719947625886	0.378429003021148		
gamma_DMSO	HAP1.L2.32	RAD54L	-0.2639043903480092	0.20054380664652569		
gamma_DMSO	HAP1.L2.32	XRCC2	-1.525690941894583	0.4320845921450151		
gamma_DMSO	HAP1.L2.32	ZSWIM7	-0.08916835252679195	-0.012809667673716012		
gamma_DMSO	HAP1.L2.139	ABCD4	-0.04456193397412692	-0.09262839879154079		
gamma_DMSO	HAP1.L2.139	ADK	-0.9531620469854849	0.384773413897281		
gamma_DMSO	HAP1.L2.139	ANKRD40	-0.1109138039514379	0.02580060422960725		
gamma_DMSO	HAP1.L2.139	HPRT1	-0.07771757717181475	-0.03389728096676737		
gamma_DMSO	HAP1.L2.139	MMACHC	-0.07036344502947944	-0.04646525679758308		
gamma_DMSO	HAP1.L2.139	MTR	-0.172743839401791	0.11268882175226586		
gamma_DMSO	HAP1.L2.139	MTRR	-0.1575620620037886	0.09299093655589123		
gamma_DMSO	HAP1.L2.139	PNP	-0.1857220505672566	0.12749244712990937		
gamma_DMSO	HAP1.L2.139	SHMT1	0.1628418764990611	-0.43293051359516616		
gamma_DMSO	HAP1.L2.139	SLC43A3	-0.08144393888408352	-0.027371601208459214		
gamma_DMSO	HAP1.L2.32	APEX2			contrast_after_single_removal	0.1917190332326284
gamma_DMSO	HAP1.L2.32	EXO1			contrast_after_single_removal	0.21837311178247734
gamma_DMSO	HAP1.L2.32	MND1			contrast_after_single_removal	0.21638670694864048
gamma_DMSO	HAP1.L2.32	PARP1			contrast_after_single_removal	0.18357703927492447
gamma_DMSO	HAP1.L2.32	PSMC3IP			contrast_after_single_removal	0.16862235649546828
gamma_DMSO	HAP1.L2.32	RAD51B			contrast_after_single_removal	0.1689320241691843
gamma_DMSO	HAP1.L2.32	RAD54L			contrast_after_single_removal	0.1911676737160121
gamma_DMSO	HAP1.L2.32	XRCC2			contrast_after_single_removal	0.1622250755287009
gamma_DMSO	HAP1.L2.32	ZSWIM7			contrast_after_single_removal	0.2178368580060423
gamma_DMSO	HAP1.L2.139	ABCD4			contrast_after_single_removal	0.1794629070157771
gamma_DMSO	HAP1.L2.139	ADK			contrast_after_single_removal	0.23250755287009064
gamma_DMSO	HAP1.L2.139	ANKRD40			contrast_after_single_removal	0.192621685129238
gamma_DMSO	HAP1.L2.139	HPRT1			contrast_after_single_removal	0.18598858677408525
gamma_DMSO	HAP1.L2.139	MMACHC			contrast_after_single_removal	0.18459214501510574
gamma_DMSO	HAP1.L2.139	MTR			contrast_after_single_removal	0.20227593152064452
gamma_DMSO	HAP1.L2.139	MTRR			contrast_after_single_removal	0.20008727760993622
gamma_DMSO	HAP1.L2.139	PNP			contrast_after_single_removal	0.20392077878482712
gamma_DMSO	HAP1.L2.139	SHMT1			contrast_after_single_removal	0.1416515609264854
gamma_DMSO	HAP1.L2.139	SLC43A3			contrast_after_single_removal	0.18671366230278616
