gene,source_row_id,gene_combination,gemini_sensitive,source_called,in_exact419,in_support400,in_primary380,in_S2_single_R3_record,in_S3_no_missing_R3_records,r2_transcript_consistent,r2_transcripts,r2_original_rows,r3_n_records,r3_n_complete,r3_record_ids,r3_complete_record_ids,attribution_caveat,exclusion_reason,source_degree_numerator,source_degree_denominator,source_generic_fragility,rho_R2,rho_R2__published_score,rho_R2__published_transcript,rho_R2__published_ttest_pvalue,rho_R2__published_BH_adj_pvalue,rho_R2__published_number_of_guide_elements,rho_R2__published_combined_score,rho_R2__published_label,rho_R2__original_excel_row,gamma_R2,gamma_R2__published_score,gamma_R2__published_transcript,gamma_R2__published_ttest_pvalue,gamma_R2__published_BH_adj_pvalue,gamma_R2__published_number_of_guide_elements,gamma_R2__published_combined_score,gamma_R2__published_label,gamma_R2__original_excel_row,rho_ATMi_R2,rho_ATMi_R2__published_score,rho_ATMi_R2__published_transcript,rho_ATMi_R2__published_ttest_pvalue,rho_ATMi_R2__published_BH_adj_pvalue,rho_ATMi_R2__published_number_of_guide_elements,rho_ATMi_R2__published_combined_score,rho_ATMi_R2__published_label,rho_ATMi_R2__original_excel_row,rho_ATRi_R2,rho_ATRi_R2__published_score,rho_ATRi_R2__published_transcript,rho_ATRi_R2__published_ttest_pvalue,rho_ATRi_R2__published_BH_adj_pvalue,rho_ATRi_R2__published_number_of_guide_elements,rho_ATRi_R2__published_combined_score,rho_ATRi_R2__published_label,rho_ATRi_R2__original_excel_row,rho_WEE1i_R2,rho_WEE1i_R2__published_score,rho_WEE1i_R2__published_transcript,rho_WEE1i_R2__published_ttest_pvalue,rho_WEE1i_R2__published_BH_adj_pvalue,rho_WEE1i_R2__published_number_of_guide_elements,rho_WEE1i_R2__published_combined_score,rho_WEE1i_R2__published_label,rho_WEE1i_R2__original_excel_row,r3_any_missing,r3_sign_discordance,r3_all_observed_rho_negative,r3_single_original_paired_complete,r3_all_original_paired_complete,rho_R3_min,rho_R3_median,rho_R3_max,gamma_R3_min,gamma_R3_median,gamma_R3_max,r3_rho_sign_set,r3_transcripts,r3_element_ids,rho_R2_negative,rho_R3_median_negative,R2_R3_central_signs_disagree,R3_original_records_table
DCLRE1B,R1:3031,DCLRE1B;PRKDC,-1.182921041,True,True,True,True,True,True,True,"{""gamma_R2"": ""P1P2"", ""rho_ATMi_R2"": ""P1P2"", ""rho_ATRi_R2"": ""P1P2"", ""rho_R2"": ""P1P2"", ""rho_WEE1i_R2"": ""P1P2""}","{""gamma_R2"": ""4112"", ""rho_ATMi_R2"": ""4112"", ""rho_ATRi_R2"": ""4112"", ""rho_R2"": ""4112"", ""rho_WEE1i_R2"": ""4112""}",1,1,R3:4330,R3:4330,,included_primary,29,546,0.05311355311355311,-0.02656682812892027,-2.6566828128920271E-2,P1P2,0.97445390595362069,0.99886404953604702,3,-1.805001846566614E-3,target_non_hit,4112,-1.253108572564838,-1.2531085725648381,P1P2,0.1616300286742004,0.58444017578859209,3,-4.4709158765580774,target_non_hit,4112,-0.06013194978653535,-6.0131949786535348E-2,P1P2,0.45023836125578648,0.87979216562873785,3,-0.1397904638380402,target_non_hit,4112,-0.2336496273909328,-0.23364962739093281,P1P2,0.30013842441880512,0.94481942392096563,3,-0.96070926916698973,target_non_hit,4112,-0.09632542487994655,-9.6325424879946553E-2,P1P2,0.48039368950557843,0.95096495095050482,3,-0.2157761779642898,target_non_hit,4112,False,False,False,True,True,1.648798595485896,1.648798595485896,1.648798595485896,-0.4619279555321679,-0.4619279555321679,-0.4619279555321679,[1],"[""P1P2""]","[""DCLRE1B_+_114448004.23-P1P2|DCLRE1B_+_114448001.23-P1P2""]",True,False,True,processed/original_r3_records.csv
DDX1,R1:1150,DDX1;PRKDC,-1.505019396,True,True,True,True,True,True,True,"{""gamma_R2"": ""P1P2"", ""rho_ATMi_R2"": ""P1P2"", ""rho_ATRi_R2"": ""P1P2"", ""rho_R2"": ""P1P2"", ""rho_WEE1i_R2"": ""P1P2""}","{""gamma_R2"": ""4159"", ""rho_ATMi_R2"": ""4159"", ""rho_ATRi_R2"": ""4159"", ""rho_R2"": ""4159"", ""rho_WEE1i_R2"": ""4159""}",1,1,R3:4375,R3:4375,,included_primary,42,545,0.07706422018348624,-0.4201546608156783,-0.42015466081567832,P1P2,0.14988133166123929,0.72724989590662537,3,-2.0935885325699601,target_non_hit,4159,-2.052919020232622,-2.052919020232622,P1P2,3.3130621147436277E-2,0.33864351657664848,3,-13.69415180178782,essential_hit,4159,-0.1565545443678789,-0.15655454436787891,P1P2,0.55255958332251742,0.91331109511428776,3,-0.27054760708518061,target_non_hit,4159,0.2805833619685688,0.28058336196856881,P1P2,0.60031341176331177,0.975307790334623,3,0.48917812469046651,target_non_hit,4159,-0.4650110292571996,-0.46501102925719962,P1P2,0.1113689280047562,0.87492912126245792,3,-3.118526824431592,target_non_hit,4159,False,False,True,True,True,-0.5606224328165395,-0.5606224328165395,-0.5606224328165395,-0.3772478673688935,-0.3772478673688935,-0.3772478673688935,[-1],"[""P1P2""]","[""DDX1_-_15732017.23-P1P2|DDX1_-_15732021.23-P1P2""]",True,True,False,processed/original_r3_records.csv
DOT1L,R1:3926,DOT1L;PRKDC,-1.091790952,True,True,True,True,True,True,True,"{""gamma_R2"": ""P1P2"", ""rho_ATMi_R2"": ""P1P2"", ""rho_ATRi_R2"": ""P1P2"", ""rho_R2"": ""P1P2"", ""rho_WEE1i_R2"": ""P1P2""}","{""gamma_R2"": ""4540"", ""rho_ATMi_R2"": ""4540"", ""rho_ATRi_R2"": ""4540"", ""rho_R2"": ""4540"", ""rho_WEE1i_R2"": ""4540""}",1,1,R3:4755,R3:4755,,included_primary,34,546,0.06227106227106227,-0.6944236136777848,-0.69442361367778482,P1P2,5.8459956010067154E-3,0.38214140906236899,3,-9.3748131569681927,sensitivity_hit,4540,-0.8223499714887632,-0.82234997148876321,P1P2,1.868222202663937E-2,0.25600025361753659,3,-6.4078597803630624,essential_hit,4540,-0.389768147167509,-0.38976814716750902,P1P2,0.1188587520255335,0.73644114076356459,3,-2.418412594917954,target_non_hit,4540,-0.107065448138408,-0.107065448138408,P1P2,0.26937430110126398,0.94382595124457902,3,-0.47978324534033667,target_non_hit,4540,0.06675474106535839,6.6754741065358392E-2,P1P2,0.75047515886624327,0.98150501801505285,3,5.8547434065299081E-2,target_non_hit,4540,False,False,False,True,True,0.7665661298884551,0.7665661298884551,0.7665661298884551,-0.1317266992323981,-0.1317266992323981,-0.1317266992323981,[1],"[""P1P2""]","[""DOT1L_-_2163964.23-P1P2|DOT1L_+_2164312.23-P1P2""]",True,False,True,processed/original_r3_records.csv
FANCF,R1:566,FANCF;PRKDC,-1.718334446,True,True,True,True,True,True,True,"{""gamma_R2"": ""P1P2"", ""rho_ATMi_R2"": ""P1P2"", ""rho_ATRi_R2"": ""P1P2"", ""rho_R2"": ""P1P2"", ""rho_WEE1i_R2"": ""P1P2""}","{""gamma_R2"": ""5548"", ""rho_ATMi_R2"": ""5548"", ""rho_ATRi_R2"": ""5548"", ""rho_R2"": ""5548"", ""rho_WEE1i_R2"": ""5548""}",1,1,R3:5811,R3:5811,,included_primary,43,546,0.07875457875457875,-0.1950941202424996,-0.19509412024249961,P1P2,0.39188762170789099,0.85081567635477873,3,-0.47983074419282201,target_non_hit,5548,0.08196315161535672,8.1963151615356722E-2,P1P2,0.3764342553183655,0.72018481714738092,3,0.15677318331143111,target_non_hit,5548,-0.7963826692614846,-0.7963826692614846,P1P2,1.7349882686659471E-4,0.24824897128624351,3,-20.09036566058283,sensitivity_hit,5548,-0.2942127836100443,-0.29421278361004433,P1P2,5.3049334449301683E-2,0.89399539359207891,3,-2.951705767085492,target_non_hit,5548,-0.3365411797958625,-0.33654117979586251,P1P2,9.8264266709954931E-2,0.87492912126245792,3,-2.3856903465890689,target_non_hit,5548,False,False,False,True,True,0.3488018692989434,0.3488018692989434,0.3488018692989434,-0.05270404730694794,-0.05270404730694794,-0.05270404730694794,[1],"[""P1P2""]","[""FANCF_-_22647359.23-P1P2|FANCF_+_22647176.23-P1P2""]",True,False,True,processed/original_r3_records.csv
GTF2H5,R1:569,GTF2H5;PRKDC,-1.716940024,True,True,True,True,True,True,True,"{""gamma_R2"": ""P1P2"", ""rho_ATMi_R2"": ""P1P2"", ""rho_ATRi_R2"": ""P1P2"", ""rho_R2"": ""P1P2"", ""rho_WEE1i_R2"": ""P1P2""}","{""gamma_R2"": ""6752"", ""rho_ATMi_R2"": ""6752"", ""rho_ATRi_R2"": ""6752"", ""rho_R2"": ""6752"", ""rho_WEE1i_R2"": ""6752""}",1,1,R3:7097,R3:7097,,included_primary,70,545,0.12844036697247707,-0.2897728682787928,-0.28977286827879278,P1P2,1.13964977111779E-2,0.45242759055988752,3,-3.404109381628861,target_non_hit,6752,-0.4611391778237275,-0.46113917782372749,P1P2,5.069769378796915E-2,0.40314230465249662,3,-2.6919979348557632,target_non_hit,6752,0.08828069559535168,8.8280695595351677E-2,P1P2,0.30933811349488571,0.83442639394047913,3,0.30176135711420549,target_non_hit,6752,-0.3289963363873757,-0.32899633638737569,P1P2,2.5835501520897509E-2,0.86447264228200982,3,-4.109363618233643,target_non_hit,6752,-0.1703716749766679,-0.17037167497666789,P1P2,0.19356167235132249,0.90213365273998225,3,-0.85483589000123472,target_non_hit,6752,False,False,False,True,True,0.1417154921489807,0.1417154921489807,0.1417154921489807,-0.1469204885309019,-0.1469204885309019,-0.1469204885309019,[1],"[""P1P2""]","[""GTF2H5_+_158589422.23-P1P2|GTF2H5_-_158589434.23-P1P2""]",True,False,True,processed/original_r3_records.csv
MCM4,R1:32,MCM4;PRKDC,-2.565027646,True,True,True,True,True,True,True,"{""gamma_R2"": ""P1P2"", ""rho_ATMi_R2"": ""P1P2"", ""rho_ATRi_R2"": ""P1P2"", ""rho_R2"": ""P1P2"", ""rho_WEE1i_R2"": ""P1P2""}","{""gamma_R2"": ""9379"", ""rho_ATMi_R2"": ""9379"", ""rho_ATRi_R2"": ""9379"", ""rho_R2"": ""9379"", ""rho_WEE1i_R2"": ""9379""}",1,1,R3:9891,R3:9891,,included_primary,40,546,0.07326007326007326,0.03981175318473662,3.981175318473662E-2,P1P2,0.61813546397396846,0.91980630054602019,3,5.0281196640214729E-2,target_non_hit,9379,-2.152506440180121,-2.1525064401801211,P1P2,1.05793386901698E-4,1.211380816704897E-2,3,-38.575336721554407,essential_hit,9379,0.5616493414585075,0.56164934145850753,P1P2,1.7373774664728271E-2,0.59669461829764681,3,6.6313352349056922,resistance_hit,9379,-1.135119396042344,-1.135119396042344,P1P2,7.1236649372498568E-4,0.35971345510375391,3,-28.10422018959175,sensitivity_hit,9379,-1.307803165437437,-1.3078031654374369,P1P2,8.0268172782334193E-3,0.62885839879186811,3,-19.279993006476129,sensitivity_hit,9379,False,False,False,True,True,0.1307934744931222,0.1307934744931222,0.1307934744931222,-0.1806406046668105,-0.1806406046668105,-0.1806406046668105,[1],"[""P1P2""]","[""MCM4_-_48873574.23-P1P2|MCM4_+_48873564.23-P1P2""]",False,False,False,processed/original_r3_records.csv
RNF8,R1:5088,PRKDC;RNF8,-1.00248375,True,True,True,True,True,True,True,"{""gamma_R2"": ""P1P2"", ""rho_ATMi_R2"": ""P1P2"", ""rho_ATRi_R2"": ""P1P2"", ""rho_R2"": ""P1P2"", ""rho_WEE1i_R2"": ""P1P2""}","{""gamma_R2"": ""13630"", ""rho_ATMi_R2"": ""13630"", ""rho_ATRi_R2"": ""13630"", ""rho_R2"": ""13630"", ""rho_WEE1i_R2"": ""13630""}",1,1,R3:14278,R3:14278,,included_primary,43,546,0.07875457875457875,-0.414602888592106,-0.41460288859210598,P1P2,1.401135874316051E-2,0.46363348600461451,3,-4.6457029344561418,target_non_hit,13630,-1.203388370911041,-1.2033883709110409,P1P2,1.3140547497747781E-5,3.0360107550121891E-3,3,-26.480000360931299,essential_hit,13630,-2.755723271270231,-2.7557232712702309,P1P2,7.1589561906852569E-7,1.3976430171074829E-2,3,-113.5965297605759,sensitivity_hit,13630,-0.9276603040430118,-0.92766030404301181,P1P2,1.148424566671146E-6,8.9682771260483161E-3,3,-43.347121125332798,sensitivity_hit,13630,-0.5460889057116148,-0.54608890571161484,P1P2,1.6820464735847689E-2,0.72302257139209536,3,-6.8162018288253341,sensitivity_hit,13630,False,False,True,True,True,-0.3539929091778883,-0.3539929091778883,-0.3539929091778883,-0.2341576101388056,-0.2341576101388056,-0.2341576101388056,[-1],"[""P1P2""]","[""RNF8_-_37322257.23-P1P2|RNF8_-_37322005.23-P1P2""]",True,True,False,processed/original_r3_records.csv
TRIP13,R1:3641,PRKDC;TRIP13,-1.118745998,True,True,True,True,True,True,True,"{""gamma_R2"": ""P1P2"", ""rho_ATMi_R2"": ""P1P2"", ""rho_ATRi_R2"": ""P1P2"", ""rho_R2"": ""P1P2"", ""rho_WEE1i_R2"": ""P1P2""}","{""gamma_R2"": ""16865"", ""rho_ATMi_R2"": ""16865"", ""rho_ATRi_R2"": ""16865"", ""rho_R2"": ""16865"", ""rho_WEE1i_R2"": ""16865""}",1,1,R3:17608,R3:17608,,included_primary,24,546,0.04395604395604396,-0.7481058076764637,-0.74810580767646373,P1P2,2.3721375889219948E-3,0.29126567389008873,3,-11.871103364558721,sensitivity_hit,16865,-1.59455041560385,-1.5945504156038499,P1P2,8.9024710363624525E-4,4.4794572691470143E-2,3,-21.926875806397629,essential_hit,16865,-0.4824301557863397,-0.48243015578633969,P1P2,4.3930478033056128E-3,0.48658489689736573,3,-7.6284114281004651,sensitivity_hit,16865,0.001457149888148074,1.457149888148074E-3,P1P2,0.89716786341823329,0.99659567440361629,3,5.4020652308926287E-4,target_non_hit,16865,-0.4803778050511203,-0.48037780505112032,P1P2,6.9192876351680782E-2,0.84627077149312568,3,-3.920159637500475,target_non_hit,16865,False,False,True,True,True,-0.6952482318868153,-0.6952482318868153,-0.6952482318868153,-0.2110272899512674,-0.2110272899512674,-0.2110272899512674,[-1],"[""P1P2""]","[""TRIP13_+_893079.23-P1P2|TRIP13_-_893070.23-P1P2""]",True,True,False,processed/original_r3_records.csv
UBE2N,R1:4940,PRKDC;UBE2N,-1.012790086,True,True,True,True,True,True,True,"{""gamma_R2"": ""P1P2"", ""rho_ATMi_R2"": ""P1P2"", ""rho_ATRi_R2"": ""P1P2"", ""rho_R2"": ""P1P2"", ""rho_WEE1i_R2"": ""P1P2""}","{""gamma_R2"": ""17191"", ""rho_ATMi_R2"": ""17191"", ""rho_ATRi_R2"": ""17191"", ""rho_R2"": ""17191"", ""rho_WEE1i_R2"": ""17191""}",1,1,R3:17943,R3:17943,,included_primary,14,545,0.025688073394495414,-0.09035985139326344,-9.0359851393263441E-2,P1P2,0.99944402855763159,1,3,-1.3193346067268691E-4,target_non_hit,17191,-0.1886803673774914,-0.18868036737749139,P1P2,0.53446532928931023,0.81277411925211884,3,-0.2314158211601679,target_non_hit,17191,-0.8594565307012154,-0.85945653070121542,P1P2,4.422397903918255E-2,0.65756644537849274,3,-7.8081702367441332,sensitivity_hit,17191,-0.4486186852598265,-0.44861868525982651,P1P2,2.5633080084057871E-2,0.86447264228200982,3,-5.615575173714344,target_non_hit,17191,-0.0294163980912566,-2.9416398091256599E-2,P1P2,0.75903262097230439,0.98214434379919791,3,-2.4780665258033682E-2,target_non_hit,17191,False,False,False,True,True,0.3509219132299804,0.3509219132299804,0.3509219132299804,-0.05542181635633146,-0.05542181635633146,-0.05542181635633146,[1],"[""P1P2""]","[""UBE2N_+_93835696.23-P1P2|UBE2N_+_93835347.23-P1P2""]",True,False,True,processed/original_r3_records.csv
UBE2V2,R1:4749,PRKDC;UBE2V2,-1.026479898,True,True,True,True,True,True,True,"{""gamma_R2"": ""P1P2"", ""rho_ATMi_R2"": ""P1P2"", ""rho_ATRi_R2"": ""P1P2"", ""rho_R2"": ""P1P2"", ""rho_WEE1i_R2"": ""P1P2""}","{""gamma_R2"": ""17202"", ""rho_ATMi_R2"": ""17202"", ""rho_ATRi_R2"": ""17202"", ""rho_R2"": ""17202"", ""rho_WEE1i_R2"": ""17202""}",1,1,R3:17954,R3:17954,,included_primary,54,546,0.0989010989010989,0.01380366377577369,1.3803663775773691E-2,P1P2,0.7990876548379906,0.96556218885944733,3,8.1283070009850397E-3,target_non_hit,17202,-0.09256607561260137,-9.256607561260137E-2,P1P2,0.9089526252704998,0.97171624702420156,3,-1.7299639390902521E-2,target_non_hit,17202,-0.1597331867610833,-0.15973318676108331,P1P2,9.2989265860499715E-2,0.72377423479506831,3,-1.1053240621440279,target_non_hit,17202,0.09657282362022057,9.6572823620220571E-2,P1P2,0.26805610619323589,0.94382595124457902,3,0.43438207013148128,target_non_hit,17202,0.032481693706226,3.2481693706226E-2,P1P2,0.61216556099554165,0.96704338758137398,3,4.8704750052878977E-2,target_non_hit,17202,False,False,False,True,True,0.1603285539261267,0.1603285539261267,0.1603285539261267,-0.2337718162258196,-0.2337718162258196,-0.2337718162258196,[1],"[""P1P2""]","[""UBE2V2_-_48921185.23-P1P2|UBE2V2_+_48921037.23-P1P2""]",False,False,False,processed/original_r3_records.csv
UBR5,R1:3457,PRKDC;UBR5,-1.137669476,True,True,True,True,True,True,True,"{""gamma_R2"": ""P1P2"", ""rho_ATMi_R2"": ""P1P2"", ""rho_ATRi_R2"": ""P1P2"", ""rho_R2"": ""P1P2"", ""rho_WEE1i_R2"": ""P1P2""}","{""gamma_R2"": ""17231"", ""rho_ATMi_R2"": ""17231"", ""rho_ATRi_R2"": ""17231"", ""rho_R2"": ""17231"", ""rho_WEE1i_R2"": ""17231""}",1,1,R3:17984,R3:17984,,included_primary,15,546,0.027472527472527472,-1.136531135097681,-1.136531135097681,P1P2,1.5675963625603132E-5,4.0122136382561562E-2,3,-33.012274820761952,sensitivity_hit,17231,-0.3823225324338742,-0.38232253243387421,P1P2,0.14420118234422519,0.56879511154487961,3,-1.4494757955935129,target_non_hit,17231,0.1641195378546207,0.16411953785462069,P1P2,0.18486965753254461,0.78235986082756537,3,0.80712502531169095,target_non_hit,17231,-0.2777633899100859,-0.27776338991008592,P1P2,1.93173323269322E-2,0.84038900974055153,3,-3.745342560932055,target_non_hit,17231,-0.3552568708714848,-0.35525687087148478,P1P2,0.23661386512061999,0.90723236288685183,3,-1.5644970514363279,target_non_hit,17231,False,False,True,True,True,-2.239471709871194,-2.239471709871194,-2.239471709871194,-0.02155443275476652,-0.02155443275476652,-0.02155443275476652,[-1],"[""P1P2""]","[""UBR5_-_103424582.23-P1P2|UBR5_+_103424940.23-P1P2""]",True,True,False,processed/original_r3_records.csv
UHRF1,R1:4116,PRKDC;UHRF1,-1.076685134,True,True,True,True,True,True,True,"{""gamma_R2"": ""P1P2"", ""rho_ATMi_R2"": ""P1P2"", ""rho_ATRi_R2"": ""P1P2"", ""rho_R2"": ""P1P2"", ""rho_WEE1i_R2"": ""P1P2""}","{""gamma_R2"": ""17288"", ""rho_ATMi_R2"": ""17288"", ""rho_ATRi_R2"": ""17288"", ""rho_R2"": ""17288"", ""rho_WEE1i_R2"": ""17288""}",1,1,R3:18044,R3:18044,,included_primary,61,546,0.11172161172161173,-0.6450530004274274,-0.64505300042742741,P1P2,4.5264207826182748E-2,0.60065809313063623,3,-5.2419846977091913,target_non_hit,17288,-1.012172900318025,-1.0121729003180251,P1P2,1.901167612175363E-2,0.25802221266944458,3,-7.8523455536529383,essential_hit,17288,-0.2826645703033058,-0.28266457030330577,P1P2,8.9262810912256685E-2,0.71796140698999333,3,-1.9896660349325961,target_non_hit,17288,-0.1325014204349415,-0.13250142043494151,P1P2,0.14458470223070261,0.93245050780727523,3,-0.87544505679564855,target_non_hit,17288,-0.01642710706521719,-1.6427107065217189E-2,P1P2,0.89372039670934034,0.99581361373743527,3,-5.639646247984526E-3,target_non_hit,17288,False,False,True,True,True,-0.06877519254340381,-0.06877519254340381,-0.06877519254340381,-0.3855247730048062,-0.3855247730048062,-0.3855247730048062,[-1],"[""P1P2""]","[""UHRF1_+_4910126.23-P1P2|UHRF1_+_4909924.23-P1P2""]",True,True,False,processed/original_r3_records.csv
