panel	assay	sgRNA	background	drug	stress	n	mean	sd	source_cells
ED6d	reported_competition_RI	sgNT	WT	vehicle	L-alanine	3	1.0002036033333332	0.03057932860249928	C23;C24;C25
ED6d	reported_competition_RI	sgNT	WT	vehicle	D-alanine	3	1.0218239033333332	0.013807531512201304	D23;D24;D25
ED6d	reported_competition_RI	sgNT	WT	AZD7648	L-alanine	3	1.05951095	0.053738188187532884	E23;E24;E25
ED6d	reported_competition_RI	sgNT	WT	AZD7648	D-alanine	3	1.04712403	0.06538250766744803	F23;F24;F25
ED6d	reported_competition_RI	sgNT	PRDX1_KO	vehicle	L-alanine	3	1.0006098633333333	0.05170416378410375	G23;G24;G25
ED6d	reported_competition_RI	sgNT	PRDX1_KO	vehicle	D-alanine	3	1.0766245466666666	0.020244571250479244	H23;H24;H25
ED6d	reported_competition_RI	sgNT	PRDX1_KO	AZD7648	L-alanine	3	1.0420485566666666	0.06364645323015672	I23;I24;I25
ED6d	reported_competition_RI	sgNT	PRDX1_KO	AZD7648	D-alanine	3	1.0949126066666668	0.05848435494970035	J23;J24;J25
ED6d	reported_competition_RI	sgIREB2	WT	vehicle	L-alanine	3	1.0000602166666666	0.01835725961707337	K23;K24;K25
ED6d	reported_competition_RI	sgIREB2	WT	vehicle	D-alanine	3	1.2280361533333333	0.1161032988497667	L23;L24;L25
ED6d	reported_competition_RI	sgIREB2	WT	AZD7648	L-alanine	3	1.0830383866666666	0.0054043959926741636	M23;M24;M25
ED6d	reported_competition_RI	sgIREB2	WT	AZD7648	D-alanine	3	1.4347046566666666	0.21268422086189676	N23;N24;N25
ED6d	reported_competition_RI	sgIREB2	PRDX1_KO	vehicle	L-alanine	3	0.7802048366666666	0.02196688772492894	O23;O24;O25
ED6d	reported_competition_RI	sgIREB2	PRDX1_KO	vehicle	D-alanine	3	1.70564595	0.16029078051816079	P23;P24;P25
ED6d	reported_competition_RI	sgIREB2	PRDX1_KO	AZD7648	L-alanine	3	1.3020849266666668	0.14401432539407394	Q23;Q24;Q25
ED6d	reported_competition_RI	sgIREB2	PRDX1_KO	AZD7648	D-alanine	3	2.885206913333333	0.5547692197616542	R23;R24;R25
ED6e	reported_normalized_gammaH2AX	sgNT	WT	vehicle	L-alanine	4	99.999999925	20.209613553166754	C32;C33;C34;C35
ED6e	reported_normalized_gammaH2AX	sgNT	WT	vehicle	D-alanine	4	116.05125100000001	5.175426654696525	D32;D33;D34;D35
ED6e	reported_normalized_gammaH2AX	sgNT	WT	AZD7648	L-alanine	4	79.012628125	7.579457852930434	E32;E33;E34;E35
ED6e	reported_normalized_gammaH2AX	sgNT	WT	AZD7648	D-alanine	4	95.590113175	15.666620839387607	F32;F33;F34;F35
ED6e	reported_normalized_gammaH2AX	sgNT	PRDX1_KO	vehicle	L-alanine	4	235.92341925	25.120928259602344	G32;G33;G34;G35
ED6e	reported_normalized_gammaH2AX	sgNT	PRDX1_KO	vehicle	D-alanine	4	304.132378	38.91566582484742	H32;H33;H34;H35
ED6e	reported_normalized_gammaH2AX	sgNT	PRDX1_KO	AZD7648	L-alanine	4	272.87421274999997	22.10115040330948	I32;I33;I34;I35
ED6e	reported_normalized_gammaH2AX	sgNT	PRDX1_KO	AZD7648	D-alanine	4	386.79986125	94.65512709940083	J32;J33;J34;J35
ED6e	reported_normalized_gammaH2AX	sgIREB2	WT	vehicle	L-alanine	4	99.9999998	11.246956843255491	K32;K33;K34;K35
ED6e	reported_normalized_gammaH2AX	sgIREB2	WT	vehicle	D-alanine	4	97.0958737	6.459082483927581	L32;L33;L34;L35
ED6e	reported_normalized_gammaH2AX	sgIREB2	WT	AZD7648	L-alanine	4	89.4475658	18.797418932800024	M32;M33;M34;M35
ED6e	reported_normalized_gammaH2AX	sgIREB2	WT	AZD7648	D-alanine	4	90.196710025	18.911959575890492	N32;N33;N34;N35
ED6e	reported_normalized_gammaH2AX	sgIREB2	PRDX1_KO	vehicle	L-alanine	4	171.873099	27.69882615351027	O32;O33;O34;O35
ED6e	reported_normalized_gammaH2AX	sgIREB2	PRDX1_KO	vehicle	D-alanine	4	189.2954705	35.379608051436534	P32;P33;P34;P35
ED6e	reported_normalized_gammaH2AX	sgIREB2	PRDX1_KO	AZD7648	L-alanine	4	172.3711365	14.63119347427909	Q32;Q33;Q34;Q35
ED6e	reported_normalized_gammaH2AX	sgIREB2	PRDX1_KO	AZD7648	D-alanine	4	249.21864725	71.49492850019278	R32;R33;R34;R35
