support_scheme	estimator	M_n	C_n	branch	day_since_T0	post_drug_days	A_drug_minus_T6	B_control_minus_T6	D_drug_minus_control	core_endpoint	lineage_status
SUM_original_eligible_projection	primary	86	57	A	9	3	0.10348933024683804	0.10175204448242781	0.0017372857644102346	False	documented_core_schedule
SUM_original_eligible_projection	primary	86	57	A	12	6	0.024557104678758712	-0.10380323266861868	0.1283603373473774	False	documented_core_schedule
SUM_original_eligible_projection	primary	86	57	A	15	9	-0.046065771206617478	-0.24320735268223648	0.197141581475619	True	documented_core_schedule
SUM_original_eligible_projection	primary	86	57	A	18	12	-0.43870590088138917	-0.6616938280758915	0.22298792719450233	False	later_lineage_incomplete
SUM_original_eligible_projection	primary	86	57	A	21	15	-0.58237650853168543	-0.84954871483888184	0.2671722063071964	False	later_lineage_incomplete
SUM_original_eligible_projection	primary	86	57	B	9	3	0.23678783136015635	0.33473442181879309	-0.09794659045863674	False	documented_core_schedule
SUM_original_eligible_projection	primary	86	57	B	12	6	0.14354320700631584	0.19112189220869502	-0.047578685202379178	False	documented_core_schedule
SUM_original_eligible_projection	primary	86	57	B	15	9	0.0021917582902186705	-0.15233618343315092	0.15452794172336959	True	documented_core_schedule
SUM_original_eligible_projection	primary	86	57	B	18	12	-0.10091182389234366	-0.33150612138366387	0.23059429749132021	False	later_lineage_incomplete
SUM_original_eligible_projection	primary	86	57	B	21	15	-0.46813314205450585	-0.55011084894563833	0.081977706891132485	False	later_lineage_incomplete
SUM_original_eligible_projection	primary	86	57	C	9	3	0.17008442618462327	0.088332607405969377	0.081751818778653895	False	documented_core_schedule
SUM_original_eligible_projection	primary	86	57	C	12	6	0.14004822843862241	0.040093388341526648	0.099954840097095765	False	documented_core_schedule
SUM_original_eligible_projection	primary	86	57	C	15	9	-0.086899810578175973	0.036163181938752231	-0.1230629925169282	True	documented_core_schedule
SUM_original_eligible_projection	primary	86	57	C	18	12	-0.20375421746375832	-0.26824936653056897	0.064495149066810642	False	later_lineage_incomplete
SUM_original_eligible_projection	primary	86	57	C	21	15	-0.60122240283906891	-0.2577960876713119	-0.34342631516775701	False	later_lineage_incomplete
SUM_original_eligible_projection	reporter_median_centered	86	57	A	9	3	0.10348933024683893	0.10175204448242781	0.0017372857644111228	False	documented_core_schedule
SUM_original_eligible_projection	reporter_median_centered	86	57	A	12	6	0.02455710467875849	-0.10380323266861891	0.1283603373473774	False	documented_core_schedule
SUM_original_eligible_projection	reporter_median_centered	86	57	A	15	9	-0.046065771206615258	-0.24320735268223626	0.197141581475621	True	documented_core_schedule
SUM_original_eligible_projection	reporter_median_centered	86	57	A	18	12	-0.43870590088138917	-0.6616938280758915	0.22298792719450233	False	later_lineage_incomplete
SUM_original_eligible_projection	reporter_median_centered	86	57	A	21	15	-0.58237650853168499	-0.84954871483888228	0.26717220630719729	False	later_lineage_incomplete
SUM_original_eligible_projection	reporter_median_centered	86	57	B	9	3	0.23678783136015724	0.3347344218187942	-0.097946590458636962	False	documented_core_schedule
SUM_original_eligible_projection	reporter_median_centered	86	57	B	12	6	0.14354320700631662	0.19112189220869502	-0.047578685202378401	False	documented_core_schedule
SUM_original_eligible_projection	reporter_median_centered	86	57	B	15	9	0.0021917582902186705	-0.15233618343315114	0.15452794172336981	True	documented_core_schedule
SUM_original_eligible_projection	reporter_median_centered	86	57	B	18	12	-0.10091182389234188	-0.33150612138366253	0.23059429749132065	False	later_lineage_incomplete
SUM_original_eligible_projection	reporter_median_centered	86	57	B	21	15	-0.46813314205450451	-0.55011084894563878	0.081977706891134261	False	later_lineage_incomplete
SUM_original_eligible_projection	reporter_median_centered	86	57	C	9	3	0.17008442618462349	0.088332607405968711	0.081751818778654783	False	documented_core_schedule
SUM_original_eligible_projection	reporter_median_centered	86	57	C	12	6	0.14004822843862175	0.040093388341526759	0.099954840097094988	False	documented_core_schedule
SUM_original_eligible_projection	reporter_median_centered	86	57	C	15	9	-0.086899810578174863	0.036163181938751343	-0.12306299251692621	True	documented_core_schedule
SUM_original_eligible_projection	reporter_median_centered	86	57	C	18	12	-0.20375421746375921	-0.26824936653056874	0.064495149066809532	False	later_lineage_incomplete
SUM_original_eligible_projection	reporter_median_centered	86	57	C	21	15	-0.60122240283907069	-0.25779608767131079	-0.3434263151677599	False	later_lineage_incomplete
old_v3_SUM_common_projection	primary	80	15	A	9	3	0.017691435768544483	-0.044531759391706505	0.062223195160250988	False	documented_core_schedule
old_v3_SUM_common_projection	primary	80	15	A	12	6	-0.11210514442603392	-0.32503621597383514	0.21293107154780122	False	documented_core_schedule
old_v3_SUM_common_projection	primary	80	15	A	15	9	-0.39862535731523918	-0.41360268888806084	0.014977331572821662	True	documented_core_schedule
old_v3_SUM_common_projection	primary	80	15	A	18	12	-0.80305200803064691	-1.0507662278526373	0.24771421982199038	False	later_lineage_incomplete
old_v3_SUM_common_projection	primary	80	15	A	21	15	-1.0656859507559808	-1.3310899948263559	0.2654040440703751	False	later_lineage_incomplete
old_v3_SUM_common_projection	primary	80	15	B	9	3	-0.10643567292640244	0.184073792432216	-0.29050946535861844	False	documented_core_schedule
old_v3_SUM_common_projection	primary	80	15	B	12	6	-0.21420270086149751	-0.22219002710289226	0.0079873262413947543	False	documented_core_schedule
old_v3_SUM_common_projection	primary	80	15	B	15	9	-0.59337364926927139	-0.5437601650504269	-0.049613484218844484	True	documented_core_schedule
old_v3_SUM_common_projection	primary	80	15	B	18	12	-0.79158672669461261	-1.2068119448039023	0.4152252181092897	False	later_lineage_incomplete
old_v3_SUM_common_projection	primary	80	15	B	21	15	-1.2729029047319977	-1.231866305698939	-0.041036599033058785	False	later_lineage_incomplete
old_v3_SUM_common_projection	primary	80	15	C	9	3	-0.0085982781468523228	-0.017916410547651029	0.0093181324007987065	False	documented_core_schedule
old_v3_SUM_common_projection	primary	80	15	C	12	6	-0.08253928868518523	-0.21061760777299465	0.12807831908780942	False	documented_core_schedule
old_v3_SUM_common_projection	primary	80	15	C	15	9	-0.42962390684462326	-0.61478195028034932	0.18515804343572606	True	documented_core_schedule
old_v3_SUM_common_projection	primary	80	15	C	18	12	-0.78623403461931396	-0.83649005433098655	0.050256019711672595	False	later_lineage_incomplete
old_v3_SUM_common_projection	primary	80	15	C	21	15	-1.2724578338279831	-1.3831158253753508	0.11065799154736777	False	later_lineage_incomplete
old_v3_SUM_common_projection	reporter_median_centered	80	15	A	9	3	0.017691435768543706	-0.044531759391706338	0.062223195160250044	False	documented_core_schedule
old_v3_SUM_common_projection	reporter_median_centered	80	15	A	12	6	-0.11210514442603375	-0.32503621597383364	0.21293107154779989	False	documented_core_schedule
old_v3_SUM_common_projection	reporter_median_centered	80	15	A	15	9	-0.39862535731523802	-0.41360268888806023	0.014977331572822217	True	documented_core_schedule
old_v3_SUM_common_projection	reporter_median_centered	80	15	A	18	12	-0.80305200803064691	-1.0507662278526366	0.24771421982198982	False	later_lineage_incomplete
old_v3_SUM_common_projection	reporter_median_centered	80	15	A	21	15	-1.0656859507559808	-1.3310899948263553	0.26540404407037455	False	later_lineage_incomplete
old_v3_SUM_common_projection	reporter_median_centered	80	15	B	9	3	-0.1064356729264021	0.18407379243221383	-0.29050946535861594	False	documented_core_schedule
old_v3_SUM_common_projection	reporter_median_centered	80	15	B	12	6	-0.21420270086149695	-0.22219002710289382	0.0079873262413968638	False	documented_core_schedule
old_v3_SUM_common_projection	reporter_median_centered	80	15	B	15	9	-0.59337364926927216	-0.54376016505042801	-0.04961348421884415	True	documented_core_schedule
old_v3_SUM_common_projection	reporter_median_centered	80	15	B	18	12	-0.79158672669461194	-1.2068119448039025	0.41522521810929058	False	later_lineage_incomplete
old_v3_SUM_common_projection	reporter_median_centered	80	15	B	21	15	-1.2729029047319991	-1.2318663056989403	-0.041036599033058785	False	later_lineage_incomplete
old_v3_SUM_common_projection	reporter_median_centered	80	15	C	9	3	-0.0085982781468524894	-0.017916410547651751	0.0093181324007992616	False	documented_core_schedule
old_v3_SUM_common_projection	reporter_median_centered	80	15	C	12	6	-0.082539288685185952	-0.21061760777299526	0.12807831908780931	False	documented_core_schedule
old_v3_SUM_common_projection	reporter_median_centered	80	15	C	15	9	-0.42962390684462254	-0.61478195028034999	0.1851580434357275	True	documented_core_schedule
old_v3_SUM_common_projection	reporter_median_centered	80	15	C	18	12	-0.78623403461931396	-0.83649005433098722	0.050256019711673261	False	later_lineage_incomplete
old_v3_SUM_common_projection	reporter_median_centered	80	15	C	21	15	-1.2724578338279837	-1.3831158253753508	0.11065799154736711	False	later_lineage_incomplete
