path	bytes	sha256
.gitattributes	139	d03234acb3fc65df3442a31c31446e5cc9a16dca5476ec9212da1726b555fd2e
.github/workflows/ci.yml	679	2247067d8ce106bc4b0a0d02f77f76bb30d86ab09cac21e9c674f2486ac0fdcd
.gitignore	188	e97d78568d4cfae502f181cc783d278af5b43ffe50218449ecab28c90ce8d51e
CITATION.cff.template	539	bb4aa94561588b1778b56bae8279511512f5935477f71aaa530ffd8410471f88
Makefile	300	c1874e1d4b4fdb5cf3c1749bbe74df43a5c60100055dc530d5624aa16be33d09
PUBLIC_FILE_MANIFEST.tsv	114371	57030ee99c58a02cf3d2819bf8352a6ed5d0df2ab9e65a574122825c365ab90c
PUBLIC_RELEASE_AUDIT.md	4009	85167a73f0885a4af3415e5070626b2fbf4146935b6b9a91b44dffd883d36c59
PUBLIC_RELEASE_RECEIPT.json	2773	e49a8d6d3329845f545c0b5d4eab8d7b1567424eb010b060b2c9f2c487754d13
README.md	5496	9a4f014fccc09d1c473bff1b8b3ae77685aa6498af052b96146fd7201c4171aa
config/canonical_claims.json	325	e44bc2560f056c3412bc801e89ba10f408aa32635c3eeb0ce2369b1347c32c27
config/count_analysis_source_contract.md	6205	d58f1a51a559f40b89ace1b78afb15967a5a91288a446743863e13225fec639d
config/cross_program_frozen.json	3458	1234ea0a21e376b7382736dd53a42edd755970257a89cb785fbdb25d10d03ae1
config/figure_sources.json	164	fdbffc8b754f05f45c08131c8dc7bb686f729c51c6a4f9f4e9e1e65264a171fa
config/final_support_decision.json	2210	e2a62613947816aa99b657559944bcecac8f748418b1e33e6e85cb322243aa12
config/portfolio_facts.json	5677	28df04423501bbf95ad58cb87ee2bc69454d75c97be0f381e000833e92c09d56
config/temporal_balance_frozen.json	11562	c7a1a2b16de1bf1ce959f3806c3a122d351933698f070e2007149061b3ace356
config/temporal_frozen.json	3980	a65ac1f87da7bc6b4f6b794f9f1e5206b70fb646399b1e6463cf1b6ce51498ef
config/v3_factorial_support.json	399	b2ec0fe761d7df576c355707e41cc9d7836b9d551fe43da6443716d7063c3219
data/annotations/reactome_frozen.gmt.zip	298479	8c1dbc8578431da5d2d5118262718c60b553a9be3398e93658daa069e4a9afd4
data/derived/SUM_fixed_gene_sample_values.tsv.gz	87887	0026b635cc55d34243a3b3fb14d5d4284a023b8f242b9d0ad90253b8f2823f74
data/derived/parent_Fig5d_normalized_values.tsv	33616	49bf504ff9b6dd43c835fb45efab46d7daa5805414add51afb640ca857ab2bef
data/historical_sources/expected/lock/hypothesis_membership.csv	184939	aa7dc921e828d53676bfdd0aebe960ea7146c5d66a16a52820f250138e445a13
data/historical_sources/expected/lock/primary380_manifest.csv	143760	27bb61ef383edf3ef0050744bb0fc3335caa2c5ebb9bd48359689ca6c96ee9cd
data/historical_sources/expected/lock/r3_record_identity_manifest.csv	1864892	8af5c9403aaf5964fee9059afa507aea859a90cba7078f674f118ea8abe6616e
data/historical_sources/expected/lock/support400_manifest.csv	151696	3481ad1bdbe75072071abc5d97dcc98194f457379c912bebbbc67db7d72f7b62
data/historical_sources/expected/processed/S1_manifest.csv	151696	3481ad1bdbe75072071abc5d97dcc98194f457379c912bebbbc67db7d72f7b62
data/historical_sources/expected/processed/S2_manifest.csv	142977	cded95fccd2d3b79dbe720c50c4e6dbe0084496a60fea70efe0ee867f8f40228
data/historical_sources/expected/processed/S3_manifest.csv	143760	27bb61ef383edf3ef0050744bb0fc3335caa2c5ebb9bd48359689ca6c96ee9cd
data/historical_sources/expected/processed/canonical_all_source_partners.csv	618394	b8fbbf8a1b02cbef961751fae6fbe4d59c99cde565f6f446dbfd9fba72394a36
data/historical_sources/expected/processed/canonical_primary_panel.csv	505678	c74513541fec8f996e8278eaceab1aeef18b2bb378c096641345b10b811d3477
data/historical_sources/expected/processed/canonical_support400_panel.csv	533421	16c548ab830463e935e21eae566ae80773b2484655596b9cd9493d9dda156425
data/historical_sources/expected/processed/original_r3_records.csv	13747059	fa8bbf9685d7994baf59fa3b6b4a171428857ffc9d914fc69f51d78a796fefc8
data/historical_sources/expected/processed/source_fragility.csv	18696	ee6fab1923738ab61fe97d76fd78c739eaac29cfaaca1e956e4326c2fcd2170c
data/historical_sources/expected/processed/support_flow.csv	205	98b2f1239120868c9fa43699c59c3ad5415612d4a22ba882461c2e64366f354c
data/historical_sources/expected/results/analysis_summary.json	33150	3d99b5b57ed0657f90176a537bcf1de0a3963f47ccf6e0744eb2df96072f4b79
data/historical_sources/expected/results/matched_control_pairs.csv	59750	fa82da3e3dac9eeebef5d1a2d0aa2b25db7f7a242d96f3086c82f982171a7470
data/historical_sources/expected/results/matched_source_cases.csv	5214	48c6f250eb2668b25a80e5c305f953714ccc1dae5d5283425fe220253355a08d
data/historical_sources/expected/results/pairwise_effects.csv	1918	c9140fad774ffd9da19a2c06897059fc3d1264c2fcad408e12e6e0cbd3985b39
data/historical_sources/stage0/Stage0_Report.md	6282	b26ed627d40a969c80cac812635314c9663669794e826a8da7e4b74cf367d49d
data/historical_sources/stage0/manifest.csv	2358	712fc167fe7f4cf6c22bf1842627988b31af1cea12154af14eedbec447aeeb1c
data/historical_sources/stage0/qualified_support.csv	148398	32da2012445f57fa2bc4d8bc58481b52b38aa1f07d1667d5e323e8edc47a9c8a
data/historical_sources/stage0/schema_map.json	69611	4b7f1bbc781261f86746359153d375fd0bd70827533897f18a7f6eb08d7ea23f
data/historical_sources/stage0/screen_metadata.csv	18753	4ccbc6aea36d0e2d1187eda38a5963e6fccc40334d539311098c32122627f96a
data/historical_sources/supplied_lock/CODEX_EXECUTE_STAGE1.md	3705	4fde7cdd1bc9be6393ff75a80e73f9ba9d7d688952e051dc4a2582ef755c45ee
data/historical_sources/supplied_lock/DDR_TargetBridge_Stage1_Analysis_Lock.json	7823	78fc36d21050c539f9fdb383d9daacf966738599aa0fe0aa3bc37e50c9d213f1
data/historical_sources/supplied_lock/DDR_TargetBridge_Stage1_Protocol.md	23121	85424f9983afa92a125d23ddb47e68d54fce2058612e01a53244fc9b04ba691c
data_metadata/SUM_all_fixed_pathway_members.tsv	46208	4a1827ed611b01d5ce123637a11bd762909507d8bc36fe5643111bce24f0b8aa
data_metadata/count_input_manifest.tsv	596	338a3ac3eb12e3ef99c2ab1307dbe7a4d4adf5bd8b755eea4b33cd7e8ba81051
data_metadata/external_inputs.json	1109	a6326c0c716fd5d3583644f4d00c2f48ccb834e402bbe505811b4734bc02ab76
data_metadata/final_input_manifest.json	2351	e63b9568f810d259953f06598db3932bacd62d23842f33cc47fa36d79f527cfa
data_metadata/final_sources.md	2489	150b6b25e0477f83d962167dfe70e4b025105eadb9c8249d56b2925c9498651d
data_metadata/fixed_ntc.tsv	40973	e28c63dac3f39094fb42c62e6fa8112da467e30ffc6129874d00e26ab90d0966
data_metadata/historical_input_manifest.json	6488	b8df2caa8a95dcdb55f50123f0264c35841a010035f0b2ee34dddae0509261e2
data_metadata/original_screen_metadata.csv	18753	4ccbc6aea36d0e2d1187eda38a5963e6fccc40334d539311098c32122627f96a
data_metadata/parent_assay_normalization.tsv	9645	53680890d0e4828bcdaf136d0321386689dbbfc16dcd173adb0bf754339c11ac
data_metadata/parent_assay_source_cells.tsv	76467	5a7529766fa33940190c8ccdf4d16f24c15b0ec8ef24407d111338967e5b9705
data_metadata/parent_figure_duplicate_map.tsv	1866	4e51c7f5bccd75ddca11befb2e0862de22cc0c1cbef42a2abfae0ab453266309
data_metadata/reactome_membership_frozen.json	2856145	dabbc9798bfe61baacab378ddae5f0993112b84bf763c3a1f70b578caabacac4
data_metadata/source_studies.tsv	1677	5005d1a39ba6a744b0e495236e395617dda873bdfa6900f2edcc26ac0e31e3b5
data_metadata/sources.tsv	4969	74e551cdb432e8c14b41a925ac74e3c383391dfa299aa30afca5e0a0a14df8c3
data_metadata/support_qualification_receipt.json	1228	7bdc71107641acb6618095ae31a556fb74fde48ff8a21caf13d007b6b8cfe4a3
docs/ANALYSIS_VALUE.md	2451	f856cff6959f22b7d7743d3eab868ba890405e65fe8336bf77622dc69ceea457
docs/BUILDING.md	661	b4b84b88b17862721f71226056a1b588d91c1340b3cdf3dca79cb63abdd47a7f
docs/LICENSE_DECISION_REQUIRED.md	606	2fc546d240a97c72dea24a966402037cf837e863380d7772fb571b9875eed61b
docs/METHODS.md	4974	3167a8a763b295cf9c7a5a1bfc6bb188350718eeeeec24ae81be142e855c4179
docs/PERSONAL_RESPONSIBILITY.md	2907	6b6510302039d11326fff8301b9908367d729717e478291dd56ffb2611e03ff3
docs/PUBLIC_RELEASE_CHECKLIST.md	298	cd90512d317aa78798a4085de4f412e67b2f0e62ab07f27f4e84c30ca05594a1
docs/RIGHTS_AND_ATTRIBUTION.md	218	7a0b7e8c15d3724253e4be9eb2a46bb796aae00949a57996c0a65ad4634f6955
docs/SCIENTIFIC_CLAIM_LEDGER.json	12997	703640a0e86f393d7116a2ede798e43c8ba8fa0d6b8215ac7106eb5e763d87d1
docs/SCIENTIFIC_CLAIM_LEDGER.md	12047	1fb4672ca8e71e603f5be606a86d64efa963f64992f352b1a35d88874587c9a1
docs/SOURCES.md	1196	ddc80edfe713775b33153596d194c4f82b58d4e315bc6e18a5357e09f211580f
docs/contribution_map.md	3879	702a2677359511526b3e83a87d2c807d727c87ff4cb3a5140f585649f99b7fa0
docs/data_provenance.md	3125	88130d561a5e4b74817faed678625fff31746765d9ff2f9f33f830657ae5cadb
docs/decision_history.md	1805	1c37aa03f0b1bec8cf61861fce14a27b5b05038c227a112a4e2955619b291281
docs/provenance/README.md	420	ab6193eb831feda40ceab4c0aad86f1c1d460829e57cb3cca168846621efd58f
docs/reproducibility.md	3093	43f712e7f67221316f05b9a0fc2b3e433aca721aac1c260476e75b2793256b63
docs/retrieval.md	2802	46e958a953b594f433483f83207fba07f504fcb8b49473a41103e24edf4d8c87
docs/scientific_claims.md	12047	1fb4672ca8e71e603f5be606a86d64efa963f64992f352b1a35d88874587c9a1
environment/observed_environment.json	524	89881f90c20d73682b337518e184f6fcd6d723ef9c2d32dc79fcc4ac0a457ec7
environment/requirements-core.txt	112	c40dbe22539de3b896dc53b9ef297da510891dcc7897be40a1e7bf7a468735f7
environment/requirements-presentation.txt	97	00ffd781d6452cf944f3ccfb0cecb5e70769f549f11d6e9a3521ad96b81bc93e
figures/01_components.png	152755	36adc3c9c1e37becfaff9fbad1175041f0bcfe41abaa5c86333b219169871aac
figures/01_components.svg	77711	dc805f6e0e37e1f73038f465b5cda8bb31267d8f78e5a70c55d883e1f3b2c2c5
figures/02_comparator_members.png	129076	24c42f86596ab0da6e66a8916e92c042c971c791ff35562826fb14b39711aadc
figures/02_comparator_members.svg	86901	215480e232dcc5c8f9684315942e1a78e896ac1196fe449448a7f42478f6ba10
figures/03_count_floor.png	95238	0e1cde25c5d2c234a9e1af0b011c7269ee2bd91522bd821164a7ef2f8b949240
figures/03_count_floor.svg	62870	ced6635839e4f14079853d57234f767cdc46cc4456aff7322f6e3b5ac29007d1
figures/04_samples_C.png	90372	dc57ed24077ee8ddb0f226cf74eaeb7d6cd401b6216c4ce8087ed8ea2370b7d9
figures/04_samples_C.svg	64347	10c338d4552bc7e5a6ad3862a5189c9f5c798037b7bc4ab2e358149c2973e415
figures/04_samples_M.png	93106	d16340d7c9013ede45e19741d336a49af9fd6d1b6863ae35daa95c804ee36dd5
figures/04_samples_M.svg	62780	1b7bf818d17623f2c98e3d75dbfcdb1a866cd49a01b574ee56a5a24fa22afee4
figures/FIGURE_SOURCES.json	441	822e4743a0908215af2078cd45e076c01287888e6a76f9fea5a1788615712ed6
portfolio/INTERVIEW_CN_EN.md	9344	9bbdd3712f04c182729ceea4d44ea86525ee2cbc282408b2a2b7ffb406af98ad
portfolio/PI_SUMMARY.md	1581	711404f976ad20c5742752ad9ed9dfa286eaf97746b366636e3fecbb90662509
portfolio/PROJECT_BRIEF.docx	172618	2bbdc3b812e65ab9538303a88102e2844e5c6464b1819270a4aa07b6c9c326c5
portfolio/PROJECT_BRIEF.md	2071	4d0ac7e52b825d760474b2ee44d347b365bf700d891cd7223eb9824ff86ebe95
portfolio/PROJECT_BRIEF.pdf	189875	8108867350bdfa42d131cf9314c2958b84b216529d7dc11b3ec4feed927328b2
portfolio/RESUME_BULLETS.md	1701	89791306aa63e32d9b3afc15512a726b518bdf24ce60bae366fd4393f73e09a3
presentation/DDR_TargetBridge.pdf	412357	d3fe172ca1b6414eb472c862b21b61247507e6eeeff8fc8ae2ca2aa7d7ffe30d
presentation/SLIDE_NOTES_CN.md	2498	1af8394fbea64cff3e3959b602f68086252d68df21e0c933ed7bc7f02e6ae926
provenance/SOURCE_RIGHTS_V2.md	2701	ed95197130ff4cf22ccf76465049c6db8297bb0c0a7d425996b13b4f7117747a
provenance/legacy_config/canonical_claims_V2.json	6895	8c32fd631f404d84dfd660fe282c2ec44de2943e29f8b0459d549d4d290f2e8a
provenance/legacy_config/figure_sources_V2.json	2133	b8c13c27123796bad5b44b92c5af83b41cf7f6cb208ccdbd3eb3b45f4d444bce
provenance/locks/received_exploratory_balance.json	4164	4b2d2f58ef25c059088b1369d7137c02a72c52341649b760e2bbe1a3f359416e
provenance/revision2/historical_reproduction/retained_source_called12.csv	18030	15b02370d5189f80b258c4105c8a60d2ac706132321a4017f21b2c814dbcb95e
provenance/source_ownership.tsv	2359	71665a26a7639b11283627e157fefa0c6b6481592492bd327a0da7500365f1f0
public_tests/test_public.py	2240	6826a5b30e3692bb49ba9de466ade0eb359536a616baefb8950db2886dbb3f68
reports/CASE_STUDY.docx	529105	31f2a3fb56fa78a88cee899631373082c0d648a59d7878d8f28d663bb5c9023a
reports/CASE_STUDY.md	15575	10f8540dd75529f0c520bdb897b03d5454fe788fcb64a09b4286e5865b1f2cda
reports/CASE_STUDY.pdf	561551	74bd27ccc1580a1c6053df0c6c94b4bab0aac861d3a88bc501f9b6413cf13016
reports/CONTEXTUAL_SUPPLEMENT.docx	40963	f3ea813e61e54ad6597b0dbd3e89d6f137bc44679c66adf98725fb53905a5c6f
reports/CONTEXTUAL_SUPPLEMENT.md	5620	53331be9763656cf2f5b125f0aaad07bc85743c07dae331e497557688946f2af
reports/CONTEXTUAL_SUPPLEMENT.pdf	57081	b3766cc3661d62f879d7aab49ae4280864ad4eed0e99758aee5ee4135eda30f2
reports/DDR_TargetBridge_Case_Study.pdf	561551	74bd27ccc1580a1c6053df0c6c94b4bab0aac861d3a88bc501f9b6413cf13016
results/canonical/cross_program/R2_contrasts.tsv	773	22f1646a71c30b57ff23d6ac1b7550471a5f820882e15d6533874e3aa23f9a5e
results/canonical/cross_program/R2_modules.tsv	1626	3a735fd783ff07956f210f9b39a2270b7fa7dced563f10d964dd97ac50c4cc2d
results/canonical/cross_program/discovery_contrasts.tsv	663	9e9bf013565de893b1c5295908e5ff2cdb8dfddf3a7d6460534d0b1a27417e29
results/canonical/discovery/discovery_summary.json	3544	daa6bd90b2e88cd23aeccf055c990fa2c99d9a6abe059cad8e27a1ea0dbf3221
results/canonical/factorial/factorial_summary.json	753	00567cd47bed9bd7ab444876595cfa210e34673ad67642a41c1dd6e1adf318a0
results/canonical/readout_boundaries/Fig5d_estimands.tsv	1816	cc995172d4d99741bd34274b23da6aa018ae84fb650dba4ad72035b12971d800
results/canonical/readout_boundaries/Fig5d_groups.tsv	1239	ce9984690cbd814a57cb555aaba8dec90623ebab451ce912e508f8d1b0da2405
results/canonical/support_views/all_pathway_qualification.tsv	414214	2bc50848c209dcee3b91f76764e984789c74c5af61f5bd4369385aafd7429c2e
results/canonical/support_views/count_floor.tsv	5780	e3ed54eaba15818182d1e46972ade1cc79f8fc4b57ab9fb3b1bf70f887f3d634
results/canonical/support_views/decision_grid.tsv	2325	43b9aaf4538dba0a28650c5bfd714a2cc07285b5d1d848fd21132b948c1078ca
results/canonical/support_views/pathway_membership.tsv	18875	56662cc451deace0af64f7741cbdbd8b4449ef4c61d4647492a97fc3553d40b4
results/canonical/support_views/pathway_sample_values.tsv	13315	df67cfdf420d4ff3c2db7245e158c05ec8ea26e359a045045ca7ae826c211c8f
results/canonical/temporal/fixed_balance_all_times.tsv	9368	ca68ec61ed11ef87aad49a141ac6077ad87608c7e65817d570b3ea7ad85bf976
results/extended/cross_program/PARP1_exclusion.tsv	775	05ca0961b2ecdc01b39e102f30a5364263108f9a10bd65d353da03c3544eaeed
results/extended/cross_program/R2_members.tsv	16469	21f7d1ee3bea6b9ef2947c016895bce01a368a704b5e435aa5a24fa4005cd37d
results/extended/original_rule/G_unique_manifest.csv	3864344	9ef79942f2d39ed6d185fcda7b709da67938019363461275076d75c9cc4d9820
results/extended/original_rule/G_unique_paired_scores.csv	1728555	f495b7948e4f13681115c6e5fd89e55a55e85f7a384de6693f4ca26a61194df5
results/extended/original_rule/P380_paired_scores.csv	192477	60e4294e9fd1f3acc15caacfc287c13bb54c76b1442e11fe40a85ec4dd2615a5
results/extended/original_rule/S1_manifest.csv	151696	3481ad1bdbe75072071abc5d97dcc98194f457379c912bebbbc67db7d72f7b62
results/extended/original_rule/S2_manifest.csv	142977	cded95fccd2d3b79dbe720c50c4e6dbe0084496a60fea70efe0ee867f8f40228
results/extended/original_rule/S3_manifest.csv	143760	27bb61ef383edf3ef0050744bb0fc3335caa2c5ebb9bd48359689ca6c96ee9cd
results/extended/original_rule/all12_R3_original_records.csv	8777	21406b380e8ab373c67b9b45d0f92feb08fce4573db23dc2f4f23b033a8ef34a
results/extended/original_rule/all12_evidence.csv	62765	a2c6cee224c74b51541f041fc768de1f8cc405514009d9bf1c99831e4f787131
results/extended/original_rule/analysis_summary.json	33150	3d99b5b57ed0657f90176a537bcf1de0a3963f47ccf6e0744eb2df96072f4b79
results/extended/original_rule/assay_control_records.csv	1051038	50825fa662fa68ecbed7eca68b39f2e961e802fd5c737b0d3bfaebdac735a907
results/extended/original_rule/assay_controls.csv	529	a799a7dfccfb5193d52d2f14c956c6eac7c98c52691b3c483f0445126ddb5951
results/extended/original_rule/canonical_all_source_partners.csv	618394	b8fbbf8a1b02cbef961751fae6fbe4d59c99cde565f6f446dbfd9fba72394a36
results/extended/original_rule/canonical_primary_panel.csv	505678	c74513541fec8f996e8278eaceab1aeef18b2bb378c096641345b10b811d3477
results/extended/original_rule/canonical_support400_panel.csv	533421	16c548ab830463e935e21eae566ae80773b2484655596b9cd9493d9dda156425
results/extended/original_rule/closure_diagnostics_summary.json	8836	75f17e1704729aaba48db1a156a83d1348b68faf971b53757c00df73c6107c88
results/extended/original_rule/destination_agreement.csv	970	33aba663326a2f27ff6c21c7c233adfedb403b52a5fab4ef85f0a57e0842d07a
results/extended/original_rule/destination_sign_counts.csv	805	767b570a6720e37b40030a76a839066016efea19613a989abd8737b78ad92ec5
results/extended/original_rule/effect_reference_grid.csv	3782	eef82802d406bbff462ba37c5b5168b1b3fa00fb2240a0a0b1ea2b17cea3f6e5
results/extended/original_rule/gene_evidence_table.csv	970241	e345511c22384db37455a4c0b16d868c6b67f7b0289ceb4b581703c06a26fbf0
results/extended/original_rule/influence_diagnostics.csv	721614	e95447875168aa7bbad14e1e3241f1d97db0f50658f3cdc6e4427d1ca7689f52
results/extended/original_rule/literal_label_annotations.csv	75829	f331f02d7c7a56c9ac6485c39141501cad57452e400426982e1daed0a3e532a3
results/extended/original_rule/matched_control_pairs.csv	59750	fa82da3e3dac9eeebef5d1a2d0aa2b25db7f7a242d96f3086c82f982171a7470
results/extended/original_rule/matched_source_cases.csv	5214	48c6f250eb2668b25a80e5c305f953714ccc1dae5d5283425fe220253355a08d
results/extended/original_rule/omitted_source_called24.csv	6891	44f76de8755e75916ea618ba60bfefdca8a749ffe73f656483bedf879c762544
results/extended/original_rule/pairwise_effects.csv	1918	c9140fad774ffd9da19a2c06897059fc3d1264c2fcad408e12e6e0cbd3985b39
results/extended/original_rule/record_envelopes.csv	657	61f8e73c49c03bbfee490c7660bc0213f6cf7fbb6991d9e1e5368ba3e4fe27e3
results/extended/original_rule/sentinel_PRDX1.csv	4200	e63d4bcdbd54ef97e075942f1e196bb850562ee788a9031f1f7e7a8e41c59c74
results/extended/original_rule/sentinel_PRDX1_original_R2.csv	3728	7423e8c7cd5e3bf77146bbe8668b70a54564029029038f5930ffbfad8bce4dd4
results/extended/original_rule/sentinel_PRDX1_original_R3.csv	1899	e8754baad9abb2e92b8d5a9659eb52559daca4ae38c71317ea8e4257067fa1e7
results/extended/original_rule/source_fragility.csv	18696	ee6fab1923738ab61fe97d76fd78c739eaac29cfaaca1e956e4326c2fcd2170c
results/extended/original_rule/source_retained_omitted_descriptives.csv	2951	08bdb502f817496f66fd4f39daaedbbc10fb0a6a6749c197771ca16fe36087e9
results/extended/original_rule/specificity_diagnostics.csv	418564	37d615071e349de553a82ca9fcbfc54ee32d6068b7d48bbce4698ac270ef27cf
results/extended/original_rule/support_attrition.csv	149760	277c0996bab5bb511e1514547a0ef816298233b8a6191387c052bb93b4d56d7f
results/extended/original_rule/support_flow.csv	205	98b2f1239120868c9fa43699c59c3ad5415612d4a22ba882461c2e64366f354c
results/extended/original_rule/support_retention.csv	386	9a429695ec961f47496b6c53872caa067a737f34fa1133a51ffdd8e52ccf4c9b
results/extended/readout_boundaries/all_extended6_groups.tsv	3681	81b7f624f3f26561f731f7d6b9cd34bcd3556c3a1ffa467a1798e46df2bcb65c
results/extended/readout_boundaries/extended6_interactions.tsv	608	b5e3cadb913fbac3c10d5810dd8f0fb65f31e78dd4c2be5aaf9a89ae3ccd830d
results/extended/support_views/all_member_losses.tsv.gz	692334	f400ccacf718a4e9804ee985117455632e428bbf75a35ca05dc665235b8cac7f
results/extended/support_views/gene_transcript_effects.tsv	121880	db03db1b963333e8e687f78f9da18862aba1e87bee823d024338de155febfb77
results/extended/support_views/joint_sample_influence.tsv	142818	44e56379b8baa2ad1ab5dbc66dd9087cb9b9725b5ab4aad3effc6d178032940c
results/extended/support_views/member_sample_values.tsv.gz	170449	24281bf6fe6fe11b461d622193be04eec9ed563c416c09cf63f9c2818186da6f
results/extended/support_views/old_common_projection.tsv	206	d7943b374f9bd23d29e54558fe874a62a40ec70cba059d4fe7334a3aaa041784
results/extended/support_views/old_projection_regression.tsv	144	b39d06fefe9e16b2eafe0e539cd722df7d27c57d5e3fd69a8b5a0bc63d8d0ca7
results/extended/support_views/sequential_decomposition.tsv	959	97e4bc26e4227257463e0255c486b8b01ae18c23c75550133edfd80a0a1c0e8b
results/extended/support_views/single_member_influence.tsv	120046	e2d46cc1c918185ea2c5b5d5cb20054820cd0e58b60b5c1559a966c4a85990c7
results/extended/temporal/all_L2_trajectories.tsv.gz	1701642	7c15129403dae8a20942228731090223f758551176987cd67064544795734778
revision/code/build_document.py	5085	51ab9ef5d216cbeb74094b6db1e7672504843ce8abff4131619a23d7f82903f5
revision/code/build_figures.py	6265	c225ce47a3f9358fe03b8b3aaf5ca16e5e6011b98532dcadd002501987133bb3
revision/code/revise_existing_outputs.py	9423	f003349cc60bde9250270019c0a7aa43cd3e316f9fce7929cf8ac3779fbab364
revision/code/verify_delivery.py	1915	bc8c6e804f03bfcb3c78d93a1de9ee706bd74324c78ec970837f0195f04ed058
revision/data/context/Fig5d_full_source_values.tsv	33616	49bf504ff9b6dd43c835fb45efab46d7daa5805414add51afb640ca857ab2bef
revision/data/context/normalization_denominator_ledger.tsv	9645	53680890d0e4828bcdaf136d0321386689dbbfc16dcd173adb0bf754339c11ac
revision/data/crossover/PROTOCOL_LOCK.json	3458	1234ea0a21e376b7382736dd53a42edd755970257a89cb785fbdb25d10d03ae1
revision/data/crossover/R2_contrasts.tsv	773	22f1646a71c30b57ff23d6ac1b7550471a5f820882e15d6533874e3aa23f9a5e
revision/data/crossover/R2_frozen_background_values.tsv.gz	1562339	91bfc9d304e280ebd7cacef0f21d0345bdd65b59354e6437a6b09df539e3a989
revision/data/crossover/R2_member_evidence.tsv	16469	21f7d1ee3bea6b9ef2947c016895bce01a368a704b5e435aa5a24fa4005cd37d
revision/data/crossover/R2_modules.tsv	1626	3a735fd783ff07956f210f9b39a2270b7fa7dced563f10d964dd97ac50c4cc2d
revision/data/crossover/common_background.tsv	650417	2260d4d945cb5d4d77c3d196ab7e03dd9d7bf1b07118eab9d37a388f8be83bbe
revision/data/crossover/members.tsv	349	e8cb582618a007125819535190e4977420304256bddf57efbc2da75c32cb25f1
revision/data/terminal/count_floor.tsv	5780	e3ed54eaba15818182d1e46972ade1cc79f8fc4b57ab9fb3b1bf70f887f3d634
revision/data/terminal/decision_grid.tsv	2325	43b9aaf4538dba0a28650c5bfd714a2cc07285b5d1d848fd21132b948c1078ca
revision/data/terminal/gene_transcript_effects.tsv	121880	db03db1b963333e8e687f78f9da18862aba1e87bee823d024338de155febfb77
revision/data/terminal/member_sample_values.tsv.gz	170449	24281bf6fe6fe11b461d622193be04eec9ed563c416c09cf63f9c2818186da6f
revision/data/terminal/pathway_membership.tsv	18875	56662cc451deace0af64f7741cbdbd8b4449ef4c61d4647492a97fc3553d40b4
revision/data/terminal/pathway_sample_values.tsv	13315	df67cfdf420d4ff3c2db7245e158c05ec8ea26e359a045045ca7ae826c211c8f
revision/provenance/source_manifest.json	3793	2ffb3f09363acaaa2753c1ee6fe845da84eead9d859f5be1405943e914f6058e
revision/results/revision/R2_contrasts_reranked.tsv	195	badd0ce77bf49c9df6431fc2dc18d1bd35aee37fc7c59bdaa1057775c3c1ddd2
revision/results/revision/R2_member_locations_reranked.tsv	7322	398b7bb273132955041ef242cad8808cd9c9057997c356cd862c3ec959714c72
revision/results/revision/R2_modules_reranked.tsv	861	45dadd956fecd00149470345d7171d7aad276e9448640c84eedd9869d9691d77
revision/results/revision/REVISION_RECEIPT.json	579	f3b4108cccc50750970700661b5345ff7d81cda47e34584269cb9350279943b1
revision/results/revision/component_steps.tsv	558	80101f0494da3ce61e998e2708c7b2396d10902ffdf319c49a0262c2904f6f96
revision/results/revision/retained_added_gene_values.tsv	61675	de7ce08c1e8bcf969789fb0a4ec8d9e7b2ff239190c8a62963752cd1c7669ef0
revision/results/revision/retained_added_mixture.tsv	647	219a69a79f3f08842b767346d55da80f91802ed603afcdd9c64a9de061aa1372
revision/results/revision/revision_regression_checks.tsv	7013	bd9526e42a6394f95cfc279e9a0ef445f22d7d76ee7a95b5ef4d6cd985297409
revision/results/revision/six_frozen_results_UNCHANGED.tsv	2292	1dddfad93b09ddd821e20b1932dd9bd2161dd384cf758723b4860d14c42cd1be
revision/tests/test_revision.py	2816	efd585f4787d06a200d5c7f454c3881f43dc3919ddde004b6f0e3d4d43def9c6
src/targetbridge/__init__.py	74	5fe9228bd32d2ce470fbde49b7640b8fc448fcbcbeb647aea29d55aa6bf097b4
src/targetbridge/paths.py	919	437351593dc87a66a2b2c8f5bb43730d3c7eb76aa0bacf182a4898788a5cac74
src/targetbridge/vendor/__init__.py	79	49ceaf574e3705790c3a0314dc5cd253604313a642c65b68e9f2cb5c4668419f
src/targetbridge/vendor/counts_core.py	15062	02a9e68a6026854656919204f7c7738dd8109859f476ebb86b3686b4eb15893f
src/targetbridge/vendor/final_execute_decision.py	11520	53fdb6dec4edfa81b643f5fa96a4ce17976831874b54d2d5f99b581b2403db25
src/targetbridge/vendor/final_independent_check.py	3277	5aede60c05eba380dab07de584458e84b5a3f863448512c6b3e8bd1d63698619
tests/test_portable_core.py	6743	45804a057a16d6f1908f09af9a36f4ac6658fca42d3778a3400f92c5cab80d98
tests/vendor_original/test_decision_source.py	2116	45ab419a185dae84a686326878aafe1841aea1a2e97431ce22425381e37d6bf3
tools/build_documents.py	16600	0cee9a5f6243fda6b465bae020b332644d9139f71b0e40681cefdccb66bfa1f1
tools/build_figures.py	7171	cf1913cb88a09d5dcc6a071967eed2447896739fa62bbe3d06e7038972a237c8
tools/explain_result.py	793	cbbea494a82a43588a1b1444220d4041b5675cfcf54817028794cf26303ef84f
tools/export_pdf.py	1373	626e71d57f241b1b586089b38c58d2c751fc4a4cc78a3d61613c435009d3c0e4
tools/public_gate.py	2826	70e56ed3cb6cf2ccc9220202d7c5d3768445d1eae981fad2e4427054cfcf85f7
tools/run.py	2138	b95c3c27ea8a9e4dce899e45db3dbffe01c13e2dd310388b0317bcf62985fe56
tools/verify_release.py	845	d814e3f0e312841a0be8931a16b0520069165cc88ec80c1d18bba8023fb22dbb
workflows/reproduce_final.py	6431	9a9605cadcf08d5993b51e1d1c6e0bc0943e38ca37ad34b83ac3b84c943c0bd8
workflows/reproduce_historical.py	10291	085e98c8bf26d64af8e4ec595fdaf1688bca0ede02e4fb7f560605b492b3b482
workflows/reproduce_public_core.py	3540	23496f694d592fccabe8eb3495fac63f4a86b2272d1408e01b1308955cc0fdc5
workflows/vendor_crossover/guard.py	1218	13982d94ca4a372f476d72fca7c965fe3af8b004ec6cc4ebc9cc05a8bd333764
workflows/vendor_crossover/xlsx_readonly.py	7423	9b9fac394dd2a7cdab6b26793d12d3ff9ebc810b1c148f932774933ea43cbf7e
workflows/vendor_prkdc/analyze.py	13744	72fee8b61a1b9c2f34d4fbe4620cfca910db24378703bad009facadf28df9433
workflows/vendor_prkdc/extract_xlsx.py	15626	056e8ccdb3b9f0f40ce62c801f113f5a2b3fd3adbdc501b83202db8c22e8a657
workflows/vendor_prkdc/metrics.py	15070	0ac541f6ba29420d09969f05e5170863db0ba51851bafcda709ba7fffe4f36a8
workflows/vendor_prkdc/preflight.py	11271	2f17330b8bc942a6ccaf080299803203d199ff97d51a4ca1fabfc670aac11e8a
workflows/vendor_prkdc/tests/test_metrics.py	10129	02cc6fdf2dac02fcab61922005da51259fe62fd7fba320f35a8ccac1345a3441
