data_family	verified_source_credit	object_type	source_ids_or_index	ownership_boundary	reuse_status
SPIDR	Fielden et al.	Published genetic interaction scores	O-REPORT;O-META	Original laboratory experiments belong to the source investigators	No blanket relicensing; consult original source terms
DDRi scores and counts	O'Loughlin et al.	Published scores and preserved count-derived exports	O-META;V-LOCK;F-PROT	Source investigators generated A549 screens; this project contributes computational analysis	No blanket relicensing; consult original source terms
DDRi selected assays	O'Loughlin et al.	Published source-data values and cell trace	I-FIG5VAL;I-EXT;I-DUP;I-SOURCE	Parent-produced experiments; repeated main/extended data do not add experimental N	No blanket relicensing; consult original source terms
HAP1	Billmann et al.	Frozen modules and source-linked discovery results	D-LOCK;D-REPORT	Source investigators; no new wet-lab measurements by this project	Third-party terms retained; not assigned a new project license
ChemicalMatrix	Coulombe-Huntington et al.	Frozen published-score discovery programme	D-LOCK;D-REPORT	Source investigators; retrospective computational use	Preprint and data rights retained; not assigned a new project license
SUM149PT	Zimmermann et al.; Colic et al. reuse archive	Time-series count resource, Figshare 8799215 version 2	T-META;I-SUM;I-SUMLOCK	Original investigators generated the experiments; archived reuse is not a new independent experiment	Existing Figshare object records CC BY 4.0 for that archive only
Reactome	Reactome annotation provider	Frozen human annotation catalogue	F-REACT;R-MEM	Annotation-provider ownership retained	Consult original provider terms; no inferred license for unrelated data/code
Historical scientific code	Identified original and supplied code sources	Unchanged vendor functions and source-identified history	F-PROT;F-REG;provenance/artifact_index.tsv	Source code identity retained; no inferred human authorship assignment	No blanket MIT license; source rights retained
New project artifacts	Draft author metadata pending owner confirmation	Portable wrappers, plots, manuscript and editable slides	README.md;docs/author_contributions.md	AI-assisted computational and editorial work; no original laboratory ownership claim	Owner license decision pending; local review build only
