transform	support	pathway	background	condition	constructs	cells	zero_cells	below40_cells	minimum	median_count
zero_only_0.5	S0_old_genes_old_transcripts	M	parent	T0	89	178	0	1	4.0	904.5
zero_only_0.5	S0_old_genes_old_transcripts	M	parent	vehicle	89	267	0	5	3.0	292.0
zero_only_0.5	S0_old_genes_old_transcripts	M	parent	DNAPKi	89	267	0	10	3.0	260.0
zero_only_0.5	S0_old_genes_old_transcripts	M	PRDX1KO	T0	89	178	0	0	303.0	1087.0
zero_only_0.5	S0_old_genes_old_transcripts	M	PRDX1KO	vehicle	89	267	0	0	88.0	570.0
zero_only_0.5	S0_old_genes_old_transcripts	M	PRDX1KO	DNAPKi	89	267	0	1	9.0	927.0
zero_only_0.5	S0_old_genes_old_transcripts	C	parent	T0	24	48	0	0	58.0	801.5
zero_only_0.5	S0_old_genes_old_transcripts	C	parent	vehicle	24	72	0	1	4.0	1484.0
zero_only_0.5	S0_old_genes_old_transcripts	C	parent	DNAPKi	24	72	0	1	25.0	1096.0
zero_only_0.5	S0_old_genes_old_transcripts	C	PRDX1KO	T0	24	48	0	0	74.0	838.0
zero_only_0.5	S0_old_genes_old_transcripts	C	PRDX1KO	vehicle	24	72	0	2	23.0	1300.5
zero_only_0.5	S0_old_genes_old_transcripts	C	PRDX1KO	DNAPKi	24	72	0	1	39.0	895.5
zero_only_0.5	S1_old_genes_T0_transcripts	M	parent	T0	89	178	0	1	4.0	904.5
zero_only_0.5	S1_old_genes_T0_transcripts	M	parent	vehicle	89	267	0	5	3.0	292.0
zero_only_0.5	S1_old_genes_T0_transcripts	M	parent	DNAPKi	89	267	0	10	3.0	260.0
zero_only_0.5	S1_old_genes_T0_transcripts	M	PRDX1KO	T0	89	178	0	0	303.0	1087.0
zero_only_0.5	S1_old_genes_T0_transcripts	M	PRDX1KO	vehicle	89	267	0	0	88.0	570.0
zero_only_0.5	S1_old_genes_T0_transcripts	M	PRDX1KO	DNAPKi	89	267	0	1	9.0	927.0
zero_only_0.5	S1_old_genes_T0_transcripts	C	parent	T0	29	58	0	0	58.0	722.5
zero_only_0.5	S1_old_genes_T0_transcripts	C	parent	vehicle	29	87	3	14	0.0	1201.0
zero_only_0.5	S1_old_genes_T0_transcripts	C	parent	DNAPKi	29	87	6	16	0.0	801.0
zero_only_0.5	S1_old_genes_T0_transcripts	C	PRDX1KO	T0	29	58	0	0	74.0	737.0
zero_only_0.5	S1_old_genes_T0_transcripts	C	PRDX1KO	vehicle	29	87	2	14	0.0	984.0
zero_only_0.5	S1_old_genes_T0_transcripts	C	PRDX1KO	DNAPKi	29	87	0	7	18.0	661.0
zero_only_0.5	S2_T0_genes_T0_transcripts	M	parent	T0	94	188	0	1	4.0	879.0
zero_only_0.5	S2_T0_genes_T0_transcripts	M	parent	vehicle	94	282	2	17	0.0	280.0
zero_only_0.5	S2_T0_genes_T0_transcripts	M	parent	DNAPKi	94	282	1	18	0.0	255.0
zero_only_0.5	S2_T0_genes_T0_transcripts	M	PRDX1KO	T0	94	188	0	1	38.0	1071.0
zero_only_0.5	S2_T0_genes_T0_transcripts	M	PRDX1KO	vehicle	94	282	0	11	1.0	539.5
zero_only_0.5	S2_T0_genes_T0_transcripts	M	PRDX1KO	DNAPKi	94	282	0	4	9.0	900.0
zero_only_0.5	S2_T0_genes_T0_transcripts	C	parent	T0	97	194	0	2	20.0	204.5
zero_only_0.5	S2_T0_genes_T0_transcripts	C	parent	vehicle	97	291	59	205	0.0	13.0
zero_only_0.5	S2_T0_genes_T0_transcripts	C	parent	DNAPKi	97	291	63	206	0.0	11.0
zero_only_0.5	S2_T0_genes_T0_transcripts	C	PRDX1KO	T0	97	194	0	0	52.0	316.0
zero_only_0.5	S2_T0_genes_T0_transcripts	C	PRDX1KO	vehicle	97	291	63	191	0.0	13.0
zero_only_0.5	S2_T0_genes_T0_transcripts	C	PRDX1KO	DNAPKi	97	291	2	114	0.0	58.0
count_plus_1	S0_old_genes_old_transcripts	M	parent	T0	89	178	0	1	4.0	904.5
count_plus_1	S0_old_genes_old_transcripts	M	parent	vehicle	89	267	0	5	3.0	292.0
count_plus_1	S0_old_genes_old_transcripts	M	parent	DNAPKi	89	267	0	10	3.0	260.0
count_plus_1	S0_old_genes_old_transcripts	M	PRDX1KO	T0	89	178	0	0	303.0	1087.0
count_plus_1	S0_old_genes_old_transcripts	M	PRDX1KO	vehicle	89	267	0	0	88.0	570.0
count_plus_1	S0_old_genes_old_transcripts	M	PRDX1KO	DNAPKi	89	267	0	1	9.0	927.0
count_plus_1	S0_old_genes_old_transcripts	C	parent	T0	24	48	0	0	58.0	801.5
count_plus_1	S0_old_genes_old_transcripts	C	parent	vehicle	24	72	0	1	4.0	1484.0
count_plus_1	S0_old_genes_old_transcripts	C	parent	DNAPKi	24	72	0	1	25.0	1096.0
count_plus_1	S0_old_genes_old_transcripts	C	PRDX1KO	T0	24	48	0	0	74.0	838.0
count_plus_1	S0_old_genes_old_transcripts	C	PRDX1KO	vehicle	24	72	0	2	23.0	1300.5
count_plus_1	S0_old_genes_old_transcripts	C	PRDX1KO	DNAPKi	24	72	0	1	39.0	895.5
count_plus_1	S1_old_genes_T0_transcripts	M	parent	T0	89	178	0	1	4.0	904.5
count_plus_1	S1_old_genes_T0_transcripts	M	parent	vehicle	89	267	0	5	3.0	292.0
count_plus_1	S1_old_genes_T0_transcripts	M	parent	DNAPKi	89	267	0	10	3.0	260.0
count_plus_1	S1_old_genes_T0_transcripts	M	PRDX1KO	T0	89	178	0	0	303.0	1087.0
count_plus_1	S1_old_genes_T0_transcripts	M	PRDX1KO	vehicle	89	267	0	0	88.0	570.0
count_plus_1	S1_old_genes_T0_transcripts	M	PRDX1KO	DNAPKi	89	267	0	1	9.0	927.0
count_plus_1	S1_old_genes_T0_transcripts	C	parent	T0	29	58	0	0	58.0	722.5
count_plus_1	S1_old_genes_T0_transcripts	C	parent	vehicle	29	87	3	14	0.0	1201.0
count_plus_1	S1_old_genes_T0_transcripts	C	parent	DNAPKi	29	87	6	16	0.0	801.0
count_plus_1	S1_old_genes_T0_transcripts	C	PRDX1KO	T0	29	58	0	0	74.0	737.0
count_plus_1	S1_old_genes_T0_transcripts	C	PRDX1KO	vehicle	29	87	2	14	0.0	984.0
count_plus_1	S1_old_genes_T0_transcripts	C	PRDX1KO	DNAPKi	29	87	0	7	18.0	661.0
count_plus_1	S2_T0_genes_T0_transcripts	M	parent	T0	94	188	0	1	4.0	879.0
count_plus_1	S2_T0_genes_T0_transcripts	M	parent	vehicle	94	282	2	17	0.0	280.0
count_plus_1	S2_T0_genes_T0_transcripts	M	parent	DNAPKi	94	282	1	18	0.0	255.0
count_plus_1	S2_T0_genes_T0_transcripts	M	PRDX1KO	T0	94	188	0	1	38.0	1071.0
count_plus_1	S2_T0_genes_T0_transcripts	M	PRDX1KO	vehicle	94	282	0	11	1.0	539.5
count_plus_1	S2_T0_genes_T0_transcripts	M	PRDX1KO	DNAPKi	94	282	0	4	9.0	900.0
count_plus_1	S2_T0_genes_T0_transcripts	C	parent	T0	97	194	0	2	20.0	204.5
count_plus_1	S2_T0_genes_T0_transcripts	C	parent	vehicle	97	291	59	205	0.0	13.0
count_plus_1	S2_T0_genes_T0_transcripts	C	parent	DNAPKi	97	291	63	206	0.0	11.0
count_plus_1	S2_T0_genes_T0_transcripts	C	PRDX1KO	T0	97	194	0	0	52.0	316.0
count_plus_1	S2_T0_genes_T0_transcripts	C	PRDX1KO	vehicle	97	291	63	191	0.0	13.0
count_plus_1	S2_T0_genes_T0_transcripts	C	PRDX1KO	DNAPKi	97	291	2	114	0.0	58.0
