transform	support	sample_id	M	C	L_M_minus_C
zero_only_0.5	S0_old_genes_old_transcripts	A549_parent__CRISPRi_v3__T0__rep1	-0.23213334090010582	-0.4891841386439525	0.25705079774384665
zero_only_0.5	S0_old_genes_old_transcripts	A549_parent__CRISPRi_v3__T0__rep2	-0.14571219841537783	-0.5279502130391608	0.38223801462378293
zero_only_0.5	S0_old_genes_old_transcripts	A549_parent__CRISPRi_v3__vehicle__rep1	-2.7833406105177705	-1.2106786246199348	-1.5726619858978357
zero_only_0.5	S0_old_genes_old_transcripts	A549_parent__CRISPRi_v3__vehicle__rep2	-2.636478445250007	-1.020290630434592	-1.616187814815415
zero_only_0.5	S0_old_genes_old_transcripts	A549_parent__CRISPRi_v3__vehicle__rep3	-2.7820175401992806	-1.1955416602016267	-1.586475879997654
zero_only_0.5	S0_old_genes_old_transcripts	A549_parent__CRISPRi_v3__DNAPKi__rep1	-2.545705388120422	-1.2068633532885868	-1.338842034831835
zero_only_0.5	S0_old_genes_old_transcripts	A549_parent__CRISPRi_v3__DNAPKi__rep2	-2.5587727017903528	-1.169464596697095	-1.3893081050932579
zero_only_0.5	S0_old_genes_old_transcripts	A549_parent__CRISPRi_v3__DNAPKi__rep3	-2.5310871462954814	-1.1380359477311288	-1.3930511985643526
zero_only_0.5	S0_old_genes_old_transcripts	A549_PRDX1KO__CRISPRi_v3__T0__rep1	0.059874617932069246	-0.3742208229832868	0.434095440915356
zero_only_0.5	S0_old_genes_old_transcripts	A549_PRDX1KO__CRISPRi_v3__T0__rep2	0.09807726843159173	-0.38339980036568655	0.48147706879727825
zero_only_0.5	S0_old_genes_old_transcripts	A549_PRDX1KO__CRISPRi_v3__vehicle__rep1	-1.6604352982896682	-1.0633853775524875	-0.5970499207371807
zero_only_0.5	S0_old_genes_old_transcripts	A549_PRDX1KO__CRISPRi_v3__vehicle__rep2	-1.7631899393602017	-1.0177374267153418	-0.7454525126448599
zero_only_0.5	S0_old_genes_old_transcripts	A549_PRDX1KO__CRISPRi_v3__vehicle__rep3	-1.7015505243725093	-1.0155713474594577	-0.6859791769130517
zero_only_0.5	S0_old_genes_old_transcripts	A549_PRDX1KO__CRISPRi_v3__DNAPKi__rep1	-0.4389322444926724	-0.8786081586092866	0.4396759141166143
zero_only_0.5	S0_old_genes_old_transcripts	A549_PRDX1KO__CRISPRi_v3__DNAPKi__rep2	-0.45985673802448845	-0.8913014672896373	0.4314447292651489
zero_only_0.5	S0_old_genes_old_transcripts	A549_PRDX1KO__CRISPRi_v3__DNAPKi__rep3	-0.5297092638538586	-0.8662449200098318	0.33653565615597314
zero_only_0.5	S1_old_genes_T0_transcripts	A549_parent__CRISPRi_v3__T0__rep1	-0.23213334090010582	-0.5865332625014326	0.3543999216013267
zero_only_0.5	S1_old_genes_T0_transcripts	A549_parent__CRISPRi_v3__T0__rep2	-0.14571219841537783	-0.5768615367211691	0.4311493383057913
zero_only_0.5	S1_old_genes_T0_transcripts	A549_parent__CRISPRi_v3__vehicle__rep1	-2.7833406105177705	-1.9769512985658089	-0.8063893119519616
zero_only_0.5	S1_old_genes_T0_transcripts	A549_parent__CRISPRi_v3__vehicle__rep2	-2.636478445250007	-1.6545181077363467	-0.9819603375136603
zero_only_0.5	S1_old_genes_T0_transcripts	A549_parent__CRISPRi_v3__vehicle__rep3	-2.7820175401992806	-1.993756181806259	-0.7882613583930216
zero_only_0.5	S1_old_genes_T0_transcripts	A549_parent__CRISPRi_v3__DNAPKi__rep1	-2.545705388120422	-2.015577707419968	-0.530127680700454
zero_only_0.5	S1_old_genes_T0_transcripts	A549_parent__CRISPRi_v3__DNAPKi__rep2	-2.5587727017903528	-2.004664845383572	-0.5541078564067807
zero_only_0.5	S1_old_genes_T0_transcripts	A549_parent__CRISPRi_v3__DNAPKi__rep3	-2.5310871462954814	-1.879982785362173	-0.6511043609333085
zero_only_0.5	S1_old_genes_T0_transcripts	A549_PRDX1KO__CRISPRi_v3__T0__rep1	0.059874617932069246	-0.4255973069697865	0.48547192490185576
zero_only_0.5	S1_old_genes_T0_transcripts	A549_PRDX1KO__CRISPRi_v3__T0__rep2	0.09807726843159173	-0.39124333110356135	0.48932059953515306
zero_only_0.5	S1_old_genes_T0_transcripts	A549_PRDX1KO__CRISPRi_v3__vehicle__rep1	-1.6604352982896682	-1.6661632308108096	0.0057279325211414545
zero_only_0.5	S1_old_genes_T0_transcripts	A549_PRDX1KO__CRISPRi_v3__vehicle__rep2	-1.7631899393602017	-1.5269477033424466	-0.23624223601775518
zero_only_0.5	S1_old_genes_T0_transcripts	A549_PRDX1KO__CRISPRi_v3__vehicle__rep3	-1.7015505243725093	-1.894644658733992	0.1930941343614827
zero_only_0.5	S1_old_genes_T0_transcripts	A549_PRDX1KO__CRISPRi_v3__DNAPKi__rep1	-0.4389322444926724	-1.1999467610861072	0.7610145165934348
zero_only_0.5	S1_old_genes_T0_transcripts	A549_PRDX1KO__CRISPRi_v3__DNAPKi__rep2	-0.45985673802448845	-1.2204166152368763	0.7605598772123878
zero_only_0.5	S1_old_genes_T0_transcripts	A549_PRDX1KO__CRISPRi_v3__DNAPKi__rep3	-0.5297092638538586	-1.242702459623217	0.7129931957693584
zero_only_0.5	S2_T0_genes_T0_transcripts	A549_parent__CRISPRi_v3__T0__rep1	-0.335325838045031	-2.089195008234495	1.753869170189464
zero_only_0.5	S2_T0_genes_T0_transcripts	A549_parent__CRISPRi_v3__T0__rep2	-0.24429181808768397	-2.088879759118058	1.8445879410303743
zero_only_0.5	S2_T0_genes_T0_transcripts	A549_parent__CRISPRi_v3__vehicle__rep1	-3.0802914389054425	-7.545268382312264	4.464976943406821
zero_only_0.5	S2_T0_genes_T0_transcripts	A549_parent__CRISPRi_v3__vehicle__rep2	-2.9541223107222683	-6.917592553681495	3.963470242959227
zero_only_0.5	S2_T0_genes_T0_transcripts	A549_parent__CRISPRi_v3__vehicle__rep3	-2.9939345587507877	-6.956936469620348	3.96300191086956
zero_only_0.5	S2_T0_genes_T0_transcripts	A549_parent__CRISPRi_v3__DNAPKi__rep1	-2.7759731808197494	-6.622953028129214	3.846979847309465
zero_only_0.5	S2_T0_genes_T0_transcripts	A549_parent__CRISPRi_v3__DNAPKi__rep2	-2.8208000057223988	-7.176813962209118	4.356013956486719
zero_only_0.5	S2_T0_genes_T0_transcripts	A549_parent__CRISPRi_v3__DNAPKi__rep3	-2.7206211795607738	-7.205512303987664	4.48489112442689
zero_only_0.5	S2_T0_genes_T0_transcripts	A549_PRDX1KO__CRISPRi_v3__T0__rep1	-0.04758869370668	-1.5391058611958048	1.4915171674891248
zero_only_0.5	S2_T0_genes_T0_transcripts	A549_PRDX1KO__CRISPRi_v3__T0__rep2	-0.001537563312830919	-1.5392509019708691	1.5377133386580382
zero_only_0.5	S2_T0_genes_T0_transcripts	A549_PRDX1KO__CRISPRi_v3__vehicle__rep1	-1.9414230043386353	-6.99196133924922	5.050538334910584
zero_only_0.5	S2_T0_genes_T0_transcripts	A549_PRDX1KO__CRISPRi_v3__vehicle__rep2	-1.9988017577194825	-6.9159145250501	4.917112767330618
zero_only_0.5	S2_T0_genes_T0_transcripts	A549_PRDX1KO__CRISPRi_v3__vehicle__rep3	-1.9446040751277542	-7.621266971262928	5.6766628961351735
zero_only_0.5	S2_T0_genes_T0_transcripts	A549_PRDX1KO__CRISPRi_v3__DNAPKi__rep1	-0.6688605640749222	-4.192444770279029	3.5235842062041067
zero_only_0.5	S2_T0_genes_T0_transcripts	A549_PRDX1KO__CRISPRi_v3__DNAPKi__rep2	-0.6346729664588489	-4.253671231317878	3.6189982648590293
zero_only_0.5	S2_T0_genes_T0_transcripts	A549_PRDX1KO__CRISPRi_v3__DNAPKi__rep3	-0.7130451284388062	-4.226757634117566	3.5137125056787593
count_plus_1	S0_old_genes_old_transcripts	A549_parent__CRISPRi_v3__T0__rep1	-0.22824166724303632	-0.48731478999453715	0.25907312275150085
count_plus_1	S0_old_genes_old_transcripts	A549_parent__CRISPRi_v3__T0__rep2	-0.14544341184226292	-0.5266195513592514	0.3811761395169885
count_plus_1	S0_old_genes_old_transcripts	A549_parent__CRISPRi_v3__vehicle__rep1	-2.7774323636825753	-1.1954378065853302	-1.5819945570972451
count_plus_1	S0_old_genes_old_transcripts	A549_parent__CRISPRi_v3__vehicle__rep2	-2.6298258442995137	-1.0180172630748094	-1.6118085812247043
count_plus_1	S0_old_genes_old_transcripts	A549_parent__CRISPRi_v3__vehicle__rep3	-2.771190202078163	-1.192007727111463	-1.5791824749666998
count_plus_1	S0_old_genes_old_transcripts	A549_parent__CRISPRi_v3__DNAPKi__rep1	-2.535125059009343	-1.2022463113494828	-1.3328787476598603
count_plus_1	S0_old_genes_old_transcripts	A549_parent__CRISPRi_v3__DNAPKi__rep2	-2.552877719401049	-1.166129076533212	-1.386748642867837
count_plus_1	S0_old_genes_old_transcripts	A549_parent__CRISPRi_v3__DNAPKi__rep3	-2.5176684169556505	-1.1342136029220868	-1.3834548140335636
count_plus_1	S0_old_genes_old_transcripts	A549_PRDX1KO__CRISPRi_v3__T0__rep1	0.059915044871881734	-0.37333144615084907	0.43324649102273083
count_plus_1	S0_old_genes_old_transcripts	A549_PRDX1KO__CRISPRi_v3__T0__rep2	0.09807299452910265	-0.38193538479831757	0.48000837932742024
count_plus_1	S0_old_genes_old_transcripts	A549_PRDX1KO__CRISPRi_v3__vehicle__rep1	-1.657941476019082	-1.0602786112685625	-0.5976628647505196
count_plus_1	S0_old_genes_old_transcripts	A549_PRDX1KO__CRISPRi_v3__vehicle__rep2	-1.7605131230996511	-1.0136966333499466	-0.7468164897497045
count_plus_1	S0_old_genes_old_transcripts	A549_PRDX1KO__CRISPRi_v3__vehicle__rep3	-1.700334231274543	-1.0145724741806996	-0.6857617570938435
count_plus_1	S0_old_genes_old_transcripts	A549_PRDX1KO__CRISPRi_v3__DNAPKi__rep1	-0.43831332273704815	-0.8758695301659738	0.43755620742892565
count_plus_1	S0_old_genes_old_transcripts	A549_PRDX1KO__CRISPRi_v3__DNAPKi__rep2	-0.4592209968086476	-0.8880653626339281	0.4288443658252805
count_plus_1	S0_old_genes_old_transcripts	A549_PRDX1KO__CRISPRi_v3__DNAPKi__rep3	-0.5275073164375724	-0.8641307553448444	0.336623438907272
count_plus_1	S1_old_genes_T0_transcripts	A549_parent__CRISPRi_v3__T0__rep1	-0.22824166724303632	-0.5845889911882253	0.356347323945189
count_plus_1	S1_old_genes_T0_transcripts	A549_parent__CRISPRi_v3__T0__rep2	-0.14544341184226292	-0.5755542426377879	0.4301108307955249
count_plus_1	S1_old_genes_T0_transcripts	A549_parent__CRISPRi_v3__vehicle__rep1	-2.7774323636825753	-1.9190306633520495	-0.8584017003305258
count_plus_1	S1_old_genes_T0_transcripts	A549_parent__CRISPRi_v3__vehicle__rep2	-2.6298258442995137	-1.625550248082494	-1.0042755962170198
count_plus_1	S1_old_genes_T0_transcripts	A549_parent__CRISPRi_v3__vehicle__rep3	-2.771190202078163	-1.9307825059743167	-0.8404076961038462
count_plus_1	S1_old_genes_T0_transcripts	A549_parent__CRISPRi_v3__DNAPKi__rep1	-2.535125059009343	-1.9434894818772228	-0.5916355771321202
count_plus_1	S1_old_genes_T0_transcripts	A549_parent__CRISPRi_v3__DNAPKi__rep2	-2.552877719401049	-1.9343245680474723	-0.6185531513535767
count_plus_1	S1_old_genes_T0_transcripts	A549_parent__CRISPRi_v3__DNAPKi__rep3	-2.5176684169556505	-1.8246399542363194	-0.693028462719331
count_plus_1	S1_old_genes_T0_transcripts	A549_PRDX1KO__CRISPRi_v3__T0__rep1	0.059915044871881734	-0.42460094416039396	0.48451598903227566
count_plus_1	S1_old_genes_T0_transcripts	A549_PRDX1KO__CRISPRi_v3__T0__rep2	0.09807299452910265	-0.3900275585660729	0.4881005530951755
count_plus_1	S1_old_genes_T0_transcripts	A549_PRDX1KO__CRISPRi_v3__vehicle__rep1	-1.657941476019082	-1.6356352555961393	-0.022306220422942724
count_plus_1	S1_old_genes_T0_transcripts	A549_PRDX1KO__CRISPRi_v3__vehicle__rep2	-1.7605131230996511	-1.5138308219006675	-0.2466823011989836
count_plus_1	S1_old_genes_T0_transcripts	A549_PRDX1KO__CRISPRi_v3__vehicle__rep3	-1.700334231274543	-1.8359813514171959	0.1356471201426528
count_plus_1	S1_old_genes_T0_transcripts	A549_PRDX1KO__CRISPRi_v3__DNAPKi__rep1	-0.43831332273704815	-1.1942460523800438	0.7559327296429956
count_plus_1	S1_old_genes_T0_transcripts	A549_PRDX1KO__CRISPRi_v3__DNAPKi__rep2	-0.4592209968086476	-1.2138149032206804	0.7545939064120328
count_plus_1	S1_old_genes_T0_transcripts	A549_PRDX1KO__CRISPRi_v3__DNAPKi__rep3	-0.5275073164375724	-1.2370721456157416	0.7095648291781692
count_plus_1	S2_T0_genes_T0_transcripts	A549_parent__CRISPRi_v3__T0__rep1	-0.3311567066082726	-2.08054747684619	1.7493907702379172
count_plus_1	S2_T0_genes_T0_transcripts	A549_parent__CRISPRi_v3__T0__rep2	-0.24362439544412284	-2.081940996892248	1.8383166014481254
count_plus_1	S2_T0_genes_T0_transcripts	A549_parent__CRISPRi_v3__vehicle__rep1	-3.051473532149062	-7.095032724060783	4.04355919191172
count_plus_1	S2_T0_genes_T0_transcripts	A549_parent__CRISPRi_v3__vehicle__rep2	-2.919598150703701	-6.542288731986243	3.622690581282542
count_plus_1	S2_T0_genes_T0_transcripts	A549_parent__CRISPRi_v3__vehicle__rep3	-2.9787736511817147	-6.611857205817018	3.6330835546353035
count_plus_1	S2_T0_genes_T0_transcripts	A549_parent__CRISPRi_v3__DNAPKi__rep1	-2.74405350460143	-6.296215350620957	3.5521618460195272
count_plus_1	S2_T0_genes_T0_transcripts	A549_parent__CRISPRi_v3__DNAPKi__rep2	-2.793103224631235	-6.7686838085649175	3.9755805839336826
count_plus_1	S2_T0_genes_T0_transcripts	A549_parent__CRISPRi_v3__DNAPKi__rep3	-2.700481774869702	-6.744241048427373	4.04375927355767
count_plus_1	S2_T0_genes_T0_transcripts	A549_PRDX1KO__CRISPRi_v3__T0__rep1	-0.04691341661737587	-1.5350445943856557	1.4881311777682797
count_plus_1	S2_T0_genes_T0_transcripts	A549_PRDX1KO__CRISPRi_v3__T0__rep2	-0.0011726756525529019	-1.5346917199070378	1.5335190442544848
count_plus_1	S2_T0_genes_T0_transcripts	A549_PRDX1KO__CRISPRi_v3__vehicle__rep1	-1.9253439072757643	-6.603225874575535	4.67788196729977
count_plus_1	S2_T0_genes_T0_transcripts	A549_PRDX1KO__CRISPRi_v3__vehicle__rep2	-1.9902052515778095	-6.535361423514672	4.5451561719368625
count_plus_1	S2_T0_genes_T0_transcripts	A549_PRDX1KO__CRISPRi_v3__vehicle__rep3	-1.9414604204014743	-7.233345196089916	5.291884775688441
count_plus_1	S2_T0_genes_T0_transcripts	A549_PRDX1KO__CRISPRi_v3__DNAPKi__rep1	-0.6663737095823886	-4.135957461975863	3.4695837523934747
count_plus_1	S2_T0_genes_T0_transcripts	A549_PRDX1KO__CRISPRi_v3__DNAPKi__rep2	-0.6331680198890232	-4.180999782924193	3.5478317630351697
count_plus_1	S2_T0_genes_T0_transcripts	A549_PRDX1KO__CRISPRi_v3__DNAPKi__rep3	-0.7100875549918059	-4.170107893625516	3.4600203386337096
