gene	background	drug	n	mean	sd
IREB2	A549PRDX1KO	AZD7648	3	253.96956233333333	4.113162389093971
IREB2	A549PRDX1KO	vehicle	3	158.964385	5.278578353253451
IREB2	A549WT	AZD7648	3	140.25764333333333	22.85906006875568
IREB2	A549WT	vehicle	3	100.00000016666667	3.3880678791458454
MRGBP	A549PRDX1KO	AZD7648	3	357.9377456666667	17.435705610165552
MRGBP	A549PRDX1KO	vehicle	3	190.56749666666667	7.574211434332245
MRGBP	A549WT	AZD7648	3	116.106815	17.826545170494928
MRGBP	A549WT	vehicle	3	99.99999993333334	5.030633994906859
NTC	A549PRDX1KO	AZD7648	3	629.9106293333333	62.63368457913283
NTC	A549PRDX1KO	vehicle	3	321.84826	10.011944260152434
NTC	A549WT	AZD7648	3	138.71019633333333	9.611512913802922
NTC	A549WT	vehicle	3	99.99999989999999	4.369057967864509
PAX7	A549PRDX1KO	AZD7648	3	206.90803666666667	3.030379406954243
PAX7	A549PRDX1KO	vehicle	3	129.198439	12.6051414140188
PAX7	A549WT	AZD7648	3	96.28969743333334	2.8105864743341726
PAX7	A549WT	vehicle	3	100.00000003333334	5.100840120781669
WRAP53	A549PRDX1KO	AZD7648	3	648.5827286666666	54.283000750729194
WRAP53	A549PRDX1KO	vehicle	3	287.93612633333333	16.86510138522188
WRAP53	A549WT	AZD7648	3	121.48687333333334	7.610823400613131
WRAP53	A549WT	vehicle	3	100.00000013333333	4.315054826867784
