figure_panel	source_gene_label	background	drug	denominator_identity	raw_denominator_value	raw_numerator_value	available	consequence
5c	sgNT	A549WT	AZD7648_vs_vehicle_RI	G1 vehicle sgRNA-positive fraction; numerator depends also on G2 drug fraction	NOT_PROVIDED	NOT_PROVIDED	author processed replicate readout only	No reconstruction of absolute fluorescence, cell abundance or original per-replicate normalization
5c	sgIREB2	A549WT	AZD7648_vs_vehicle_RI	G1 vehicle sgRNA-positive fraction; numerator depends also on G2 drug fraction	NOT_PROVIDED	NOT_PROVIDED	author processed replicate readout only	No reconstruction of absolute fluorescence, cell abundance or original per-replicate normalization
5c	sgMGRBP	A549WT	AZD7648_vs_vehicle_RI	G1 vehicle sgRNA-positive fraction; numerator depends also on G2 drug fraction	NOT_PROVIDED	NOT_PROVIDED	author processed replicate readout only	No reconstruction of absolute fluorescence, cell abundance or original per-replicate normalization
5c	sgPAX7	A549WT	AZD7648_vs_vehicle_RI	G1 vehicle sgRNA-positive fraction; numerator depends also on G2 drug fraction	NOT_PROVIDED	NOT_PROVIDED	author processed replicate readout only	No reconstruction of absolute fluorescence, cell abundance or original per-replicate normalization
5c	sgWRAP53	A549WT	AZD7648_vs_vehicle_RI	G1 vehicle sgRNA-positive fraction; numerator depends also on G2 drug fraction	NOT_PROVIDED	NOT_PROVIDED	author processed replicate readout only	No reconstruction of absolute fluorescence, cell abundance or original per-replicate normalization
5c	sgNT	A549PRDX1KO	AZD7648_vs_vehicle_RI	G1 vehicle sgRNA-positive fraction; numerator depends also on G2 drug fraction	NOT_PROVIDED	NOT_PROVIDED	author processed replicate readout only	No reconstruction of absolute fluorescence, cell abundance or original per-replicate normalization
5c	sgIREB2	A549PRDX1KO	AZD7648_vs_vehicle_RI	G1 vehicle sgRNA-positive fraction; numerator depends also on G2 drug fraction	NOT_PROVIDED	NOT_PROVIDED	author processed replicate readout only	No reconstruction of absolute fluorescence, cell abundance or original per-replicate normalization
5c	sgMGRBP	A549PRDX1KO	AZD7648_vs_vehicle_RI	G1 vehicle sgRNA-positive fraction; numerator depends also on G2 drug fraction	NOT_PROVIDED	NOT_PROVIDED	author processed replicate readout only	No reconstruction of absolute fluorescence, cell abundance or original per-replicate normalization
5c	sgPAX7	A549PRDX1KO	AZD7648_vs_vehicle_RI	G1 vehicle sgRNA-positive fraction; numerator depends also on G2 drug fraction	NOT_PROVIDED	NOT_PROVIDED	author processed replicate readout only	No reconstruction of absolute fluorescence, cell abundance or original per-replicate normalization
5c	sgWRAP53	A549PRDX1KO	AZD7648_vs_vehicle_RI	G1 vehicle sgRNA-positive fraction; numerator depends also on G2 drug fraction	NOT_PROVIDED	NOT_PROVIDED	author processed replicate readout only	No reconstruction of absolute fluorescence, cell abundance or original per-replicate normalization
5d	sgNT	A549WT	vehicle	Own sgNT A549WT vehicle raw fluorescence baseline	NOT_PROVIDED	NOT_PROVIDED	author processed replicate readout only	No reconstruction of absolute fluorescence, cell abundance or original per-replicate normalization
5d	sgIREB2	A549WT	vehicle	Own sgIREB2 A549WT vehicle raw fluorescence baseline	NOT_PROVIDED	NOT_PROVIDED	author processed replicate readout only	No reconstruction of absolute fluorescence, cell abundance or original per-replicate normalization
5d	sgMGRBP	A549WT	vehicle	Own sgMGRBP A549WT vehicle raw fluorescence baseline	NOT_PROVIDED	NOT_PROVIDED	author processed replicate readout only	No reconstruction of absolute fluorescence, cell abundance or original per-replicate normalization
5d	sgPAX7	A549WT	vehicle	Own sgPAX7 A549WT vehicle raw fluorescence baseline	NOT_PROVIDED	NOT_PROVIDED	author processed replicate readout only	No reconstruction of absolute fluorescence, cell abundance or original per-replicate normalization
5d	sgWRAP53	A549WT	vehicle	Own sgWRAP53 A549WT vehicle raw fluorescence baseline	NOT_PROVIDED	NOT_PROVIDED	author processed replicate readout only	No reconstruction of absolute fluorescence, cell abundance or original per-replicate normalization
5d	sgNT	A549WT	AZD7648	Own sgNT A549WT vehicle raw fluorescence baseline	NOT_PROVIDED	NOT_PROVIDED	author processed replicate readout only	No reconstruction of absolute fluorescence, cell abundance or original per-replicate normalization
5d	sgIREB2	A549WT	AZD7648	Own sgIREB2 A549WT vehicle raw fluorescence baseline	NOT_PROVIDED	NOT_PROVIDED	author processed replicate readout only	No reconstruction of absolute fluorescence, cell abundance or original per-replicate normalization
5d	sgMGRBP	A549WT	AZD7648	Own sgMGRBP A549WT vehicle raw fluorescence baseline	NOT_PROVIDED	NOT_PROVIDED	author processed replicate readout only	No reconstruction of absolute fluorescence, cell abundance or original per-replicate normalization
5d	sgPAX7	A549WT	AZD7648	Own sgPAX7 A549WT vehicle raw fluorescence baseline	NOT_PROVIDED	NOT_PROVIDED	author processed replicate readout only	No reconstruction of absolute fluorescence, cell abundance or original per-replicate normalization
5d	sgWRAP53	A549WT	AZD7648	Own sgWRAP53 A549WT vehicle raw fluorescence baseline	NOT_PROVIDED	NOT_PROVIDED	author processed replicate readout only	No reconstruction of absolute fluorescence, cell abundance or original per-replicate normalization
5d	sgNT	A549PRDX1KO	vehicle	Own sgNT A549WT vehicle raw fluorescence baseline	NOT_PROVIDED	NOT_PROVIDED	author processed replicate readout only	No reconstruction of absolute fluorescence, cell abundance or original per-replicate normalization
5d	sgIREB2	A549PRDX1KO	vehicle	Own sgIREB2 A549WT vehicle raw fluorescence baseline	NOT_PROVIDED	NOT_PROVIDED	author processed replicate readout only	No reconstruction of absolute fluorescence, cell abundance or original per-replicate normalization
5d	sgMGRBP	A549PRDX1KO	vehicle	Own sgMGRBP A549WT vehicle raw fluorescence baseline	NOT_PROVIDED	NOT_PROVIDED	author processed replicate readout only	No reconstruction of absolute fluorescence, cell abundance or original per-replicate normalization
5d	sgPAX7	A549PRDX1KO	vehicle	Own sgPAX7 A549WT vehicle raw fluorescence baseline	NOT_PROVIDED	NOT_PROVIDED	author processed replicate readout only	No reconstruction of absolute fluorescence, cell abundance or original per-replicate normalization
5d	sgWRAP53	A549PRDX1KO	vehicle	Own sgWRAP53 A549WT vehicle raw fluorescence baseline	NOT_PROVIDED	NOT_PROVIDED	author processed replicate readout only	No reconstruction of absolute fluorescence, cell abundance or original per-replicate normalization
5d	sgNT	A549PRDX1KO	AZD7648	Own sgNT A549WT vehicle raw fluorescence baseline	NOT_PROVIDED	NOT_PROVIDED	author processed replicate readout only	No reconstruction of absolute fluorescence, cell abundance or original per-replicate normalization
5d	sgIREB2	A549PRDX1KO	AZD7648	Own sgIREB2 A549WT vehicle raw fluorescence baseline	NOT_PROVIDED	NOT_PROVIDED	author processed replicate readout only	No reconstruction of absolute fluorescence, cell abundance or original per-replicate normalization
5d	sgMGRBP	A549PRDX1KO	AZD7648	Own sgMGRBP A549WT vehicle raw fluorescence baseline	NOT_PROVIDED	NOT_PROVIDED	author processed replicate readout only	No reconstruction of absolute fluorescence, cell abundance or original per-replicate normalization
5d	sgPAX7	A549PRDX1KO	AZD7648	Own sgPAX7 A549WT vehicle raw fluorescence baseline	NOT_PROVIDED	NOT_PROVIDED	author processed replicate readout only	No reconstruction of absolute fluorescence, cell abundance or original per-replicate normalization
5d	sgWRAP53	A549PRDX1KO	AZD7648	Own sgWRAP53 A549WT vehicle raw fluorescence baseline	NOT_PROVIDED	NOT_PROVIDED	author processed replicate readout only	No reconstruction of absolute fluorescence, cell abundance or original per-replicate normalization
6d	sgNT	A549 parental dCas9-KRAB	vehicle	Contemporaneous CellTiterGlo ATP readout; fluorescence blank; sgNT relative scaling	NOT_PROVIDED	NOT_PROVIDED	author processed replicate readout only	No reconstruction of absolute fluorescence, cell abundance or original per-replicate normalization
6d	sgNT+DFO	A549 parental dCas9-KRAB	DFO	Contemporaneous CellTiterGlo ATP readout; fluorescence blank; sgNT relative scaling	NOT_PROVIDED	NOT_PROVIDED	author processed replicate readout only	No reconstruction of absolute fluorescence, cell abundance or original per-replicate normalization
6d	sgNT+FAC	A549 parental dCas9-KRAB	FAC	Contemporaneous CellTiterGlo ATP readout; fluorescence blank; sgNT relative scaling	NOT_PROVIDED	NOT_PROVIDED	author processed replicate readout only	No reconstruction of absolute fluorescence, cell abundance or original per-replicate normalization
6d	sgIREB2	A549 parental dCas9-KRAB	vehicle	Contemporaneous CellTiterGlo ATP readout; fluorescence blank; sgNT relative scaling	NOT_PROVIDED	NOT_PROVIDED	author processed replicate readout only	No reconstruction of absolute fluorescence, cell abundance or original per-replicate normalization
6d	sgMRGBP	A549 parental dCas9-KRAB	vehicle	Contemporaneous CellTiterGlo ATP readout; fluorescence blank; sgNT relative scaling	NOT_PROVIDED	NOT_PROVIDED	author processed replicate readout only	No reconstruction of absolute fluorescence, cell abundance or original per-replicate normalization
6d	sgPAX7	A549 parental dCas9-KRAB	vehicle	Contemporaneous CellTiterGlo ATP readout; fluorescence blank; sgNT relative scaling	NOT_PROVIDED	NOT_PROVIDED	author processed replicate readout only	No reconstruction of absolute fluorescence, cell abundance or original per-replicate normalization
