resource_id,campaign_id,published_endpoint_group,qualification_role,in_core_or_predeclared_controls,parental_lineage,genotype_background,perturbation_system,library,treated_condition,compound,concentration_nM,endpoint_denominator,vehicle,exposure_days,T0_timing,normalization,reported_replicates_per_condition,replicate_design,separate_replicate_scores_available,published_rows,gene_records,distinct_gene_symbols,finite_gene_symbols,guide_design,actual_guide_identity_availability,reported_guide_element_count_distribution_gene_rows,resource_spec_caveat,source_locator
R1,SPIDR_RPE1,sensitive,SOURCE; PRKDC partner slice retained with all scores,true_for_PRKDC_slice,RPE-1,hTERT RPE-1 TP53-KO,Dual-gene CRISPRi; dCas9-KRAB,SPIDR; human CRISPRi-v2-derived,No exogenous DNA damage; dual gene repression,none,not_applicable,GEMINI interaction from T14/T0 LFCs and single-gene/non-targeting controls,not_applicable,14,96 h after transduction,Published GEMINI sensitive; lambda=1; upstream negative scores clipped to zero then sign reversed,2,One screen; biological duplicate populations split during selection,false,149787,not_applicable_gene_pair_rows,548,548,"At least two guides/gene; mismatched variants for essential genes; 697233 designed guide combinations, not actual independent samples",Absent from R1 CSV,not_published,GEMINI scale is not rho or gamma; preserve published zeros and missingness separately. Publisher prose counts conflict with observed149787 pairs; qualification uses file count.,https://www.nature.com/articles/s41586-025-08815-4 / Fig1a / Methods CRISPRi screens and Screen analysis; raw/SPIDR_Table3_GEMINI.csv
R2,DDRi_V2_A549,gamma:DMSO_vs_T0,INCLUDED_DRUG_FREE_CONTROL,true,A549,Parental A549 WT,Single-guide CRISPRi; dCas9-KRAB,Human CRISPRi v2.1; Addgene83969/83978,DMSO,none,not_applicable,T0 same screen,DMSO,14,After 5-day selection initiated48 h after transduction,Depth and negative-control normalized phenotype; no growth normalization,2,Treatment arms split after selected library population; duplicate conditions,false,37368,18626,18626,18626,Five single sgRNAs/TSS design; not actual unique guide count,No sgRNA IDs or sequences in R2; per-condition target/transcript and element count retained,"{""1"":51,""2"":98,""3"":18477}","V2/V3 differ in dose, duration, library and growth normalization; do not pool. Gene/transcript aggregation described; strongest-TSS selection not documented. Published element counts1-3 do not establish guide identities.",https://www.nature.com/articles/s41589-026-02312-z#Sec11; https://www.nature.com/articles/s41589-026-02312-z#Sec13; DDRi_Dataset1_v2.xlsx / Gene Level Phenotypes / B1 / score subcolumn
R2,DDRi_V2_A549,rho:PARPi_vs_DMSO,EXCLUDED_SINGLE_PARPi,false,A549,Parental A549 WT,Single-guide CRISPRi; dCas9-KRAB,Human CRISPRi v2.1; Addgene83969/83978,PARPi,AZD2281,1000,"Matched DMSO endpoint, same A549 screen",DMSO,14,After 5-day selection initiated48 h after transduction,Depth and negative-control normalized phenotype; no growth normalization,2,Treatment arms split after selected library population; duplicate conditions,false,37368,18626,18626,18626,Five single sgRNAs/TSS design; not actual unique guide count,No sgRNA IDs or sequences in R2; per-condition target/transcript and element count retained,"{""1"":140,""2"":234,""3"":18252}","V2/V3 differ in dose, duration, library and growth normalization; do not pool. Gene/transcript aggregation described; strongest-TSS selection not documented. Published element counts1-3 do not establish guide identities.",https://www.nature.com/articles/s41589-026-02312-z#Sec11; https://www.nature.com/articles/s41589-026-02312-z#Sec13; DDRi_Dataset1_v2.xlsx / Gene Level Phenotypes / J1 / score subcolumn
R2,DDRi_V2_A549,rho:ATRi_vs_DMSO,INCLUDED_PREDECLARED_SPECIFICITY_CONTROL,true,A549,Parental A549 WT,Single-guide CRISPRi; dCas9-KRAB,Human CRISPRi v2.1; Addgene83969/83978,ATRi,AZD6738,500,"Matched DMSO endpoint, same A549 screen",DMSO,14,After 5-day selection initiated48 h after transduction,Depth and negative-control normalized phenotype; no growth normalization,2,Treatment arms split after selected library population; duplicate conditions,false,37368,18626,18626,18626,Five single sgRNAs/TSS design; not actual unique guide count,No sgRNA IDs or sequences in R2; per-condition target/transcript and element count retained,"{""1"":147,""2"":239,""3"":18240}","V2/V3 differ in dose, duration, library and growth normalization; do not pool. Gene/transcript aggregation described; strongest-TSS selection not documented. Published element counts1-3 do not establish guide identities.",https://www.nature.com/articles/s41589-026-02312-z#Sec11; https://www.nature.com/articles/s41589-026-02312-z#Sec13; DDRi_Dataset1_v2.xlsx / Gene Level Phenotypes / R1 / score subcolumn
R2,DDRi_V2_A549,rho:PARPi+ATRi_vs_DMSO,EXCLUDED_COMBINATION,false,A549,Parental A549 WT,Single-guide CRISPRi; dCas9-KRAB,Human CRISPRi v2.1; Addgene83969/83978,PARPi+ATRi,AZD2281+AZD6738,1000+500,"Matched DMSO endpoint, same A549 screen",DMSO,14,After 5-day selection initiated48 h after transduction,Depth and negative-control normalized phenotype; no growth normalization,2,Treatment arms split after selected library population; duplicate conditions,false,37368,18626,18626,18626,Five single sgRNAs/TSS design; not actual unique guide count,No sgRNA IDs or sequences in R2; per-condition target/transcript and element count retained,"{""1"":116,""2"":208,""3"":18302}","V2/V3 differ in dose, duration, library and growth normalization; do not pool. Gene/transcript aggregation described; strongest-TSS selection not documented. Published element counts1-3 do not establish guide identities.",https://www.nature.com/articles/s41589-026-02312-z#Sec11; https://www.nature.com/articles/s41589-026-02312-z#Sec13; DDRi_Dataset1_v2.xlsx / Gene Level Phenotypes / Z1 / score subcolumn
R2,DDRi_V2_A549,rho:ATMi_vs_DMSO,INCLUDED_PREDECLARED_SPECIFICITY_CONTROL,true,A549,Parental A549 WT,Single-guide CRISPRi; dCas9-KRAB,Human CRISPRi v2.1; Addgene83969/83978,ATMi,AZD0156,10,"Matched DMSO endpoint, same A549 screen",DMSO,14,After 5-day selection initiated48 h after transduction,Depth and negative-control normalized phenotype; no growth normalization,2,Treatment arms split after selected library population; duplicate conditions,false,37368,18626,18626,18626,Five single sgRNAs/TSS design; not actual unique guide count,No sgRNA IDs or sequences in R2; per-condition target/transcript and element count retained,"{""1"":170,""2"":271,""3"":18185}","V2/V3 differ in dose, duration, library and growth normalization; do not pool. Gene/transcript aggregation described; strongest-TSS selection not documented. Published element counts1-3 do not establish guide identities.",https://www.nature.com/articles/s41589-026-02312-z#Sec11; https://www.nature.com/articles/s41589-026-02312-z#Sec13; DDRi_Dataset1_v2.xlsx / Gene Level Phenotypes / AH1 / score subcolumn
R2,DDRi_V2_A549,rho:PARPi+ATMi_vs_DMSO,EXCLUDED_COMBINATION,false,A549,Parental A549 WT,Single-guide CRISPRi; dCas9-KRAB,Human CRISPRi v2.1; Addgene83969/83978,PARPi+ATMi,AZD2281+AZD0156,1000+10,"Matched DMSO endpoint, same A549 screen",DMSO,14,After 5-day selection initiated48 h after transduction,Depth and negative-control normalized phenotype; no growth normalization,2,Treatment arms split after selected library population; duplicate conditions,false,37368,18626,18626,18626,Five single sgRNAs/TSS design; not actual unique guide count,No sgRNA IDs or sequences in R2; per-condition target/transcript and element count retained,"{""1"":154,""2"":250,""3"":18222}","V2/V3 differ in dose, duration, library and growth normalization; do not pool. Gene/transcript aggregation described; strongest-TSS selection not documented. Published element counts1-3 do not establish guide identities.",https://www.nature.com/articles/s41589-026-02312-z#Sec11; https://www.nature.com/articles/s41589-026-02312-z#Sec13; DDRi_Dataset1_v2.xlsx / Gene Level Phenotypes / AP1 / score subcolumn
R2,DDRi_V2_A549,rho:WEE1i_vs_DMSO,INCLUDED_PREDECLARED_SPECIFICITY_CONTROL,true,A549,Parental A549 WT,Single-guide CRISPRi; dCas9-KRAB,Human CRISPRi v2.1; Addgene83969/83978,WEE1i,AZD1775,300,"Matched DMSO endpoint, same A549 screen",DMSO,14,After 5-day selection initiated48 h after transduction,Depth and negative-control normalized phenotype; no growth normalization,2,Treatment arms split after selected library population; duplicate conditions,false,37368,18626,18626,18626,Five single sgRNAs/TSS design; not actual unique guide count,No sgRNA IDs or sequences in R2; per-condition target/transcript and element count retained,"{""1"":161,""2"":266,""3"":18199}","V2/V3 differ in dose, duration, library and growth normalization; do not pool. Gene/transcript aggregation described; strongest-TSS selection not documented. Published element counts1-3 do not establish guide identities.",https://www.nature.com/articles/s41589-026-02312-z#Sec11; https://www.nature.com/articles/s41589-026-02312-z#Sec13; DDRi_Dataset1_v2.xlsx / Gene Level Phenotypes / AX1 / score subcolumn
R2,DDRi_V2_A549,rho:PARPi+WEE1i_vs_DMSO,EXCLUDED_COMBINATION,false,A549,Parental A549 WT,Single-guide CRISPRi; dCas9-KRAB,Human CRISPRi v2.1; Addgene83969/83978,PARPi+WEE1i,AZD2281+AZD1775,1000+300,"Matched DMSO endpoint, same A549 screen",DMSO,14,After 5-day selection initiated48 h after transduction,Depth and negative-control normalized phenotype; no growth normalization,2,Treatment arms split after selected library population; duplicate conditions,false,37368,18626,18626,18626,Five single sgRNAs/TSS design; not actual unique guide count,No sgRNA IDs or sequences in R2; per-condition target/transcript and element count retained,"{""1"":154,""2"":257,""3"":18215}","V2/V3 differ in dose, duration, library and growth normalization; do not pool. Gene/transcript aggregation described; strongest-TSS selection not documented. Published element counts1-3 do not establish guide identities.",https://www.nature.com/articles/s41589-026-02312-z#Sec11; https://www.nature.com/articles/s41589-026-02312-z#Sec13; DDRi_Dataset1_v2.xlsx / Gene Level Phenotypes / BF1 / score subcolumn
R2,DDRi_V2_A549,rho:DNAPKi_vs_DMSO,INCLUDED_CORE_DNAPKi,true,A549,Parental A549 WT,Single-guide CRISPRi; dCas9-KRAB,Human CRISPRi v2.1; Addgene83969/83978,DNAPKi,AZD7648,1000,"Matched DMSO endpoint, same A549 screen",DMSO,14,After 5-day selection initiated48 h after transduction,Depth and negative-control normalized phenotype; no growth normalization,2,Treatment arms split after selected library population; duplicate conditions,false,37368,18626,18626,18626,Five single sgRNAs/TSS design; not actual unique guide count,No sgRNA IDs or sequences in R2; per-condition target/transcript and element count retained,"{""1"":175,""2"":274,""3"":18177}","V2/V3 differ in dose, duration, library and growth normalization; do not pool. Gene/transcript aggregation described; strongest-TSS selection not documented. Published element counts1-3 do not establish guide identities.",https://www.nature.com/articles/s41589-026-02312-z#Sec11; https://www.nature.com/articles/s41589-026-02312-z#Sec13; DDRi_Dataset1_v2.xlsx / Gene Level Phenotypes / BN1 / score subcolumn
R2,DDRi_V2_A549,rho:PARPi+DNAPKi_vs_DMSO,EXCLUDED_COMBINATION,false,A549,Parental A549 WT,Single-guide CRISPRi; dCas9-KRAB,Human CRISPRi v2.1; Addgene83969/83978,PARPi+DNAPKi,AZD2281+AZD7648,1000+1000,"Matched DMSO endpoint, same A549 screen",DMSO,14,After 5-day selection initiated48 h after transduction,Depth and negative-control normalized phenotype; no growth normalization,2,Treatment arms split after selected library population; duplicate conditions,false,37368,18626,18626,18626,Five single sgRNAs/TSS design; not actual unique guide count,No sgRNA IDs or sequences in R2; per-condition target/transcript and element count retained,"{""1"":171,""2"":262,""3"":18193}","V2/V3 differ in dose, duration, library and growth normalization; do not pool. Gene/transcript aggregation described; strongest-TSS selection not documented. Published element counts1-3 do not establish guide identities.",https://www.nature.com/articles/s41589-026-02312-z#Sec11; https://www.nature.com/articles/s41589-026-02312-z#Sec13; DDRi_Dataset1_v2.xlsx / Gene Level Phenotypes / BV1 / score subcolumn
R3,DDRi_V3_A549,PRDX1KO::gamma:vehicle_vs_T0,EXCLUDED_KO_BACKGROUND,false,A549,A549 PRDX1-KO,Dual-guide CRISPRi per gene/transcript; dCas9-KRAB; PRDX1 KO generated separately,Compact human CRISPRi V3 dual-sgRNA,DMSO,none,not_applicable,T0 corresponding published comparison,DMSO,11,Day6 after transduction; endpoint day17,Depth and negative-control normalized; growth normalized per Methods,3,WT and KO library populations; treatment conditions split at T0; triplicates per condition,false,20451,19430,17907,17862,Usually one dual-guide element/gene or transcript; two guides within an element,sgID_AB element IDs available; guide sequences absent; IDs are not independent biological replicates,not_published,V3 growth normalized; differs from V2. Multiple transcript/sgID records stay distinct; missing scores remain missing.,https://www.nature.com/articles/s41589-026-02312-z#Sec11; https://www.nature.com/articles/s41589-026-02312-z#Sec13; DDRi_Dataset3_v3.xlsx / Gene Level Phenotypes / D1 / score subcolumn
R3,DDRi_V3_A549,PRDX1KO::rho:DNAPKi_vs_vehicle,EXCLUDED_KO_BACKGROUND,false,A549,A549 PRDX1-KO,Dual-guide CRISPRi per gene/transcript; dCas9-KRAB; PRDX1 KO generated separately,Compact human CRISPRi V3 dual-sgRNA,AZD7648,AZD7648,625,"Matched DMSO endpoint, same genotype",DMSO,11,Day6 after transduction; endpoint day17,Depth and negative-control normalized; growth normalized per Methods,3,WT and KO library populations; treatment conditions split at T0; triplicates per condition,false,20451,19430,17907,17862,Usually one dual-guide element/gene or transcript; two guides within an element,sgID_AB element IDs available; guide sequences absent; IDs are not independent biological replicates,not_published,V3 growth normalized; differs from V2. Multiple transcript/sgID records stay distinct; missing scores remain missing.,https://www.nature.com/articles/s41589-026-02312-z#Sec11; https://www.nature.com/articles/s41589-026-02312-z#Sec13; DDRi_Dataset3_v3.xlsx / Gene Level Phenotypes / I1 / score subcolumn
R3,DDRi_V3_A549,parent::gamma:vehicle_vs_T0,INCLUDED_DRUG_FREE_CONTROL,true,A549,Parental A549 WT,Dual-guide CRISPRi per gene/transcript; dCas9-KRAB; PRDX1 KO generated separately,Compact human CRISPRi V3 dual-sgRNA,DMSO,none,not_applicable,T0 corresponding published comparison,DMSO,11,Day6 after transduction; endpoint day17,Depth and negative-control normalized; growth normalized per Methods,3,WT and KO library populations; treatment conditions split at T0; triplicates per condition,false,20451,19430,17907,17420,Usually one dual-guide element/gene or transcript; two guides within an element,sgID_AB element IDs available; guide sequences absent; IDs are not independent biological replicates,not_published,V3 growth normalized; differs from V2. Multiple transcript/sgID records stay distinct; missing scores remain missing.,https://www.nature.com/articles/s41589-026-02312-z#Sec11; https://www.nature.com/articles/s41589-026-02312-z#Sec13; DDRi_Dataset3_v3.xlsx / Gene Level Phenotypes / N1 / score subcolumn
R3,DDRi_V3_A549,parent::rho:DNAPKi_vs_vehicle,INCLUDED_CORE_DNAPKi,true,A549,Parental A549 WT,Dual-guide CRISPRi per gene/transcript; dCas9-KRAB; PRDX1 KO generated separately,Compact human CRISPRi V3 dual-sgRNA,AZD7648,AZD7648,625,"Matched DMSO endpoint, same genotype",DMSO,11,Day6 after transduction; endpoint day17,Depth and negative-control normalized; growth normalized per Methods,3,WT and KO library populations; treatment conditions split at T0; triplicates per condition,false,20451,19430,17907,17420,Usually one dual-guide element/gene or transcript; two guides within an element,sgID_AB element IDs available; guide sequences absent; IDs are not independent biological replicates,not_published,V3 growth normalized; differs from V2. Multiple transcript/sgID records stay distinct; missing scores remain missing.,https://www.nature.com/articles/s41589-026-02312-z#Sec11; https://www.nature.com/articles/s41589-026-02312-z#Sec13; DDRi_Dataset3_v3.xlsx / Gene Level Phenotypes / S1 / score subcolumn
R3,DDRi_V3_A549,vehicle::gamma:parent_vs_T0,EXCLUDED_ALTERNATIVE_PROCESSED_PARENTAL_GAMMA,false,A549,Parental A549 WT,Dual-guide CRISPRi per gene/transcript; dCas9-KRAB; PRDX1 KO generated separately,Compact human CRISPRi V3 dual-sgRNA,DMSO,none,not_applicable,T0 corresponding published comparison,DMSO,11,Day6 after transduction; endpoint day17,Depth and negative-control normalized; growth normalized per Methods,3,WT and KO library populations; treatment conditions split at T0; triplicates per condition,false,20451,19430,17907,17512,Usually one dual-guide element/gene or transcript; two guides within an element,sgID_AB element IDs available; guide sequences absent; IDs are not independent biological replicates,not_published,"V3 growth normalized; differs from V2. Multiple transcript/sgID records stay distinct; missing scores remain missing. Same nominal parental vehicle/T0 contrast has different published values/support; preserved separately, not averaged or substituted for parent::gamma.",https://www.nature.com/articles/s41589-026-02312-z#Sec11; https://www.nature.com/articles/s41589-026-02312-z#Sec13; DDRi_Dataset3_v3.xlsx / Gene Level Phenotypes / X1 / score subcolumn
R3,DDRi_V3_A549,vehicle::rho:PRDX1KO_vs_parent,EXCLUDED_KO_VERSUS_PARENTAL_COMPARISON,false,A549,A549 PRDX1-KO versus parental A549 WT,Dual-guide CRISPRi per gene/transcript; dCas9-KRAB; PRDX1 KO generated separately,Compact human CRISPRi V3 dual-sgRNA,DMSO,none,not_applicable,Parental A549 DMSO endpoint,DMSO,11,Day6 after transduction; endpoint day17,Depth and negative-control normalized; growth normalized per Methods,3,WT and KO library populations; treatment conditions split at T0; triplicates per condition,false,20451,19430,17907,17512,Usually one dual-guide element/gene or transcript; two guides within an element,sgID_AB element IDs available; guide sequences absent; IDs are not independent biological replicates,not_published,"V3 growth normalized; differs from V2. Multiple transcript/sgID records stay distinct; missing scores remain missing. Although named rho, this is a vehicle-treated genotype contrast, not a drug-versus-vehicle endpoint.",https://www.nature.com/articles/s41589-026-02312-z#Sec11; https://www.nature.com/articles/s41589-026-02312-z#Sec13; DDRi_Dataset3_v3.xlsx / Gene Level Phenotypes / AC1 / score subcolumn
