main_panel	main_cell	extended_panel	extended_cell	value	do_not_add_independent_n
6f	C21	ED6d	G23	1.01628634	True
6f	C22	ED6d	G24	1.04266157	True
6f	C23	ED6d	G25	0.94288168	True
6f	D21	ED6d	H23	1.05371348	True
6f	D22	ED6d	H24	1.08406076	True
6f	D23	ED6d	H25	1.0920994	True
6f	E21	ED6d	I23	1.03379301	True
6f	E22	ED6d	I24	0.98293271	True
6f	E23	ED6d	I25	1.10941995	True
6f	F21	ED6d	J23	1.08747036	True
6f	F22	ED6d	J24	1.15676186	True
6f	F23	ED6d	J25	1.0405056	True
6f	G21	ED6d	O23	0.80556178	True
6f	G22	ED6d	O24	0.76808603	True
6f	G23	ED6d	O25	0.7669667	True
6f	H21	ED6d	P23	1.88836863	True
6f	H22	ED6d	P24	1.58874149	True
6f	H23	ED6d	P25	1.63982773	True
6f	I21	ED6d	Q23	1.16490449	True
6f	I22	ED6d	Q24	1.28927323	True
6f	I23	ED6d	Q25	1.45207706	True
6f	J21	ED6d	R23	2.98776849	True
6f	J22	ED6d	R24	2.28631337	True
6f	J23	ED6d	R25	3.38153888	True
6g	C30	ED6e	G32	222.686378	True
6g	C31	ED6e	G33	220.867807	True
6g	C32	ED6e	G34	273.426279	True
6g	C33	ED6e	G35	226.713213	True
6g	D30	ED6e	H32	269.803898	True
6g	D31	ED6e	H33	275.811678	True
6g	D32	ED6e	H34	318.131832	True
6g	D33	ED6e	H35	352.782104	True
6g	E30	ED6e	I32	263.67803	True
6g	E31	ED6e	I33	260.982648	True
6g	E32	ED6e	I34	305.968662	True
6g	E33	ED6e	I35	260.867511	True
6g	F30	ED6e	J32	332.650877	True
6g	F31	ED6e	J33	315.120562	True
6g	F32	ED6e	J34	375.915743	True
6g	F33	ED6e	J35	523.512263	True
6g	G30	ED6e	O32	161.595629	True
6g	G31	ED6e	O33	138.73242	True
6g	G32	ED6e	O34	202.390581	True
6g	G33	ED6e	O35	184.773766	True
6g	H30	ED6e	P32	162.502237	True
6g	H31	ED6e	P33	157.365589	True
6g	H32	ED6e	P34	206.541889	True
6g	H33	ED6e	P35	230.772167	True
6g	I30	ED6e	Q32	168.11366	True
6g	I31	ED6e	Q33	154.779372	True
6g	I32	ED6e	Q34	189.457109	True
6g	I33	ED6e	Q35	177.134405	True
6g	J30	ED6e	R32	212.90007	True
6g	J31	ED6e	R33	181.316728	True
6g	J32	ED6e	R34	256.753629	True
6g	J33	ED6e	R35	345.904162	True
