dataset	paper	DOI_accession	canonical_URL	expected_filename	sha256	retrieval_instructions	role_in_project	license_or_rights_status
R1	SPIDR Supplementary Table 3: complete published GEMINI scores	10.1038/s41586-025-08815-4	https://media.springernature.com/original/springer-static/esm/art%3A10.1038%2Fs41586-025-08815-4/MediaObjects/41586_2025_8815_MOESM5_ESM.csv	SPIDR_Table3_GEMINI.csv	341e2625e3383c8ba7e446bd230eae7502c066da95a91563311cda16dcd34d13	Download official URL; save at data/historical_sources/stage0/raw/SPIDR_Table3_GEMINI.csv; preserve original bytes; validate SHA-256 before historical command	Frozen source linkage/matching and complete published score background	Publisher CC BY 4.0; original investigator attribution; kept external for privacy/packaging
R2	DDRi Supplementary Dataset 1: complete v2 gene-level screen results	10.1038/s41589-026-02312-z	https://media.springernature.com/original/springer-static/esm/art%3A10.1038%2Fs41589-026-02312-z/MediaObjects/41589_2026_2312_MOESM3_ESM.xlsx	DDRi_Dataset1_v2.xlsx	d71242b0a5c18f4eeb53e1f5d4db5580432f8ecf2d5e9c88d66977e30220f367	Download official URL; save at data/historical_sources/stage0/raw/DDRi_Dataset1_v2.xlsx; preserve original bytes; validate SHA-256 before historical command	Frozen source linkage/matching and complete published score background	Publisher CC BY 4.0; original investigator attribution; kept external for privacy/packaging
R3	DDRi Supplementary Dataset 3: v3 WT and PRDX1-KO screens	10.1038/s41589-026-02312-z	https://media.springernature.com/original/springer-static/esm/art%3A10.1038%2Fs41589-026-02312-z/MediaObjects/41589_2026_2312_MOESM5_ESM.xlsx	DDRi_Dataset3_v3.xlsx	1a6dc8dfdd36b7b9fedb2cc4f878e7ec362845c6a4c714fb61f6e5f9f6edd7fc	Download official URL; save at data/historical_sources/stage0/raw/DDRi_Dataset3_v3.xlsx; preserve original bytes; validate SHA-256 before historical command	Frozen source linkage/matching and complete published score background	Publisher CC BY 4.0; original investigator attribution; kept external for privacy/packaging
DDRi raw v3	O’Loughlin et al. DDRi	10.5281/zenodo.21302988	https://zenodo.org/records/21302988	A549_PRDX1_CRISPRi_v3.h5ad.gz	ad63ac63ce484377252cd62e7f3162a275aae4e21e88e5ad123b1e5c75a320d4	From the recorded code ZIP, locate this exact member; preserve original HDF5 bytes despite .gz name. Not needed by public core.	Historical count source; metadata only	Embedded-data redistribution scope unresolved; archive MIT is not treated as blanket data permission
Archived project object	Original integer-count export for legacy reproduce_final.py	NOT_PUBLICLY_DEPOSITED	No public object URL; original project archive only	final_count_export.tsv.gz	27c21511a56891c8671843215d824f448a59d4119c9ef24475641ca56c595cfb	Exact V3 archive member data/derived/final_count_export.tsv.gz; not reconstructable from rounded reports. No public restoration recipe is claimed.	Original integer-count export for legacy reproduce_final.py	Excluded; source object redistribution not established
Archived project object	Complete v3 transformed source matrix; excluded from public distribution	NOT_PUBLICLY_DEPOSITED	No public object URL; original project archive only	v3_factorial_sample_values.tsv.gz	18cf84357a5f4d0d9a5f065d69fcc03d15e527ba33874727b41272db7e55d7e6	Exact V3 archive member data/derived/v3_factorial_sample_values.tsv.gz; not reconstructable from rounded reports. No public restoration recipe is claimed.	Complete v3 transformed source matrix; excluded from public distribution	Excluded; source object redistribution not established
Archived project object	Full original discovery registry; excluded	NOT_PUBLICLY_DEPOSITED	No public object URL; original project archive only	discovery_frozen.json	d5b18082027c8219eb322c401fba3b45c40fbb5a0725f6d328049ad40de27168	Exact V3 archive member config/discovery_frozen.json; not reconstructable from rounded reports. No public restoration recipe is claimed.	Full original discovery registry; excluded	Excluded; source object redistribution not established
SUM count source	Zimmermann et al.; Colic et al. reuse	10.6084/m9.figshare.8799215.v2	https://ndownloader.figshare.com/files/16170896	readcount-matrix-sum149pt_ola.txt	e8aecd293439eaac6335037905bd67082af0e1909d8f1c184c7ee40b96aa5fb4	Retrieve readcounts-drugZ-updated_May2019.zip from Figshare 8799215 version 2; extract exact named member and check hash. No fresh SUM analysis is part of public core.	Existing attributed temporal secondary-analysis outputs	Provider metadata CC BY 4.0
Reactome	Reactome pathway database	Frozen snapshot SHA-256	https://reactome.org/download-data	ReactomePathways.gmt.zip	8c1dbc8578431da5d2d5118262718c60b553a9be3398e93658daa069e4a9afd4	Included membership snapshot is authoritative for this study. Current online catalog may differ; do not substitute new membership. Original ZIP identity retained for audit.	Frozen pathway membership	CC0, official https://reactome.org/license
