role	pathway_id	gene	original_catalogue_member	present_in_actual_count_library	independent_reference_design_evidence	original_guide_n	qualified_guide_n	T0_below40_n	predrug_mean_T6_below40_n	both_reference_fail_n	SUM_support_status	SUM_original_eligible_projection	old_v3_SUM_common_projection	absent_member_reason	catalogue_gene_biotype
M	R-HSA-5368287	AURKAIP1	True	True	UNKNOWN_separate_original_reference_not_reloaded	6	3	3	2	2	multiple_qualified_guides	True	True	observed_reference_count_qualification	UNKNOWN_not_inferred_from_label
M	R-HSA-5368287	CHCHD1	True	True	UNKNOWN_separate_original_reference_not_reloaded	5	4	1	0	0	multiple_qualified_guides	True	True	observed_reference_count_qualification	UNKNOWN_not_inferred_from_label
M	R-HSA-5368287	DAP3	True	True	UNKNOWN_separate_original_reference_not_reloaded	6	6	0	0	0	multiple_qualified_guides	True	True	observed_reference_count_qualification	UNKNOWN_not_inferred_from_label
M	R-HSA-5368287	ERAL1	True	True	UNKNOWN_separate_original_reference_not_reloaded	6	5	1	0	0	multiple_qualified_guides	True	True	observed_reference_count_qualification	UNKNOWN_not_inferred_from_label
M	R-HSA-5368287	GADD45GIP1	True	True	UNKNOWN_separate_original_reference_not_reloaded	6	4	2	1	1	multiple_qualified_guides	True	True	observed_reference_count_qualification	UNKNOWN_not_inferred_from_label
M	R-HSA-5368287	GFM1	True	True	UNKNOWN_separate_original_reference_not_reloaded	6	4	2	1	1	multiple_qualified_guides	True	True	observed_reference_count_qualification	UNKNOWN_not_inferred_from_label
M	R-HSA-5368287	GFM2	True	True	UNKNOWN_separate_original_reference_not_reloaded	6	6	0	0	0	multiple_qualified_guides	True	True	observed_reference_count_qualification	UNKNOWN_not_inferred_from_label
M	R-HSA-5368287	KGD4	True	False	UNKNOWN_separate_original_reference_not_reloaded	0	0	0	0	0	not_in_literal_count_library	False	False	UNKNOWN_no_alias_repair	UNKNOWN_not_inferred_from_label
M	R-HSA-5368287	MALSU1	True	True	UNKNOWN_separate_original_reference_not_reloaded	3	2	1	0	0	multiple_qualified_guides	True	True	observed_reference_count_qualification	UNKNOWN_not_inferred_from_label
M	R-HSA-5368287	MIEF1	True	False	UNKNOWN_separate_original_reference_not_reloaded	0	0	0	0	0	not_in_literal_count_library	False	False	UNKNOWN_no_alias_repair	UNKNOWN_not_inferred_from_label
M	R-HSA-5368287	MRPL1	True	True	UNKNOWN_separate_original_reference_not_reloaded	4	4	0	0	0	multiple_qualified_guides	True	True	observed_reference_count_qualification	UNKNOWN_not_inferred_from_label
M	R-HSA-5368287	MRPL10	True	True	UNKNOWN_separate_original_reference_not_reloaded	5	4	1	0	0	multiple_qualified_guides	True	True	observed_reference_count_qualification	UNKNOWN_not_inferred_from_label
M	R-HSA-5368287	MRPL11	True	True	UNKNOWN_separate_original_reference_not_reloaded	5	5	0	0	0	multiple_qualified_guides	True	True	observed_reference_count_qualification	UNKNOWN_not_inferred_from_label
M	R-HSA-5368287	MRPL12	True	True	UNKNOWN_separate_original_reference_not_reloaded	2	2	0	0	0	multiple_qualified_guides	True	False	observed_reference_count_qualification	UNKNOWN_not_inferred_from_label
M	R-HSA-5368287	MRPL13	True	True	UNKNOWN_separate_original_reference_not_reloaded	5	5	0	0	0	multiple_qualified_guides	True	True	observed_reference_count_qualification	UNKNOWN_not_inferred_from_label
M	R-HSA-5368287	MRPL14	True	True	UNKNOWN_separate_original_reference_not_reloaded	5	3	2	1	1	multiple_qualified_guides	True	True	observed_reference_count_qualification	UNKNOWN_not_inferred_from_label
M	R-HSA-5368287	MRPL15	True	True	UNKNOWN_separate_original_reference_not_reloaded	6	4	2	1	1	multiple_qualified_guides	True	True	observed_reference_count_qualification	UNKNOWN_not_inferred_from_label
M	R-HSA-5368287	MRPL16	True	True	UNKNOWN_separate_original_reference_not_reloaded	6	5	1	0	0	multiple_qualified_guides	True	True	observed_reference_count_qualification	UNKNOWN_not_inferred_from_label
M	R-HSA-5368287	MRPL17	True	True	UNKNOWN_separate_original_reference_not_reloaded	6	6	0	0	0	multiple_qualified_guides	True	True	observed_reference_count_qualification	UNKNOWN_not_inferred_from_label
M	R-HSA-5368287	MRPL18	True	True	UNKNOWN_separate_original_reference_not_reloaded	6	6	0	0	0	multiple_qualified_guides	True	True	observed_reference_count_qualification	UNKNOWN_not_inferred_from_label
M	R-HSA-5368287	MRPL19	True	True	UNKNOWN_separate_original_reference_not_reloaded	6	6	0	0	0	multiple_qualified_guides	True	True	observed_reference_count_qualification	UNKNOWN_not_inferred_from_label
M	R-HSA-5368287	MRPL2	True	True	UNKNOWN_separate_original_reference_not_reloaded	6	6	0	0	0	multiple_qualified_guides	True	True	observed_reference_count_qualification	UNKNOWN_not_inferred_from_label
M	R-HSA-5368287	MRPL20	True	True	UNKNOWN_separate_original_reference_not_reloaded	4	2	1	1	0	multiple_qualified_guides	True	True	observed_reference_count_qualification	UNKNOWN_not_inferred_from_label
M	R-HSA-5368287	MRPL21	True	True	UNKNOWN_separate_original_reference_not_reloaded	6	4	2	0	0	multiple_qualified_guides	True	False	observed_reference_count_qualification	UNKNOWN_not_inferred_from_label
M	R-HSA-5368287	MRPL22	True	True	UNKNOWN_separate_original_reference_not_reloaded	6	6	0	0	0	multiple_qualified_guides	True	True	observed_reference_count_qualification	UNKNOWN_not_inferred_from_label
M	R-HSA-5368287	MRPL23	True	True	UNKNOWN_separate_original_reference_not_reloaded	6	6	0	0	0	multiple_qualified_guides	True	True	observed_reference_count_qualification	UNKNOWN_not_inferred_from_label
M	R-HSA-5368287	MRPL24	True	True	UNKNOWN_separate_original_reference_not_reloaded	6	6	0	0	0	multiple_qualified_guides	True	True	observed_reference_count_qualification	UNKNOWN_not_inferred_from_label
M	R-HSA-5368287	MRPL27	True	True	UNKNOWN_separate_original_reference_not_reloaded	6	6	0	0	0	multiple_qualified_guides	True	True	observed_reference_count_qualification	UNKNOWN_not_inferred_from_label
M	R-HSA-5368287	MRPL28	True	True	UNKNOWN_separate_original_reference_not_reloaded	6	5	0	1	0	multiple_qualified_guides	True	True	observed_reference_count_qualification	UNKNOWN_not_inferred_from_label
M	R-HSA-5368287	MRPL3	True	True	UNKNOWN_separate_original_reference_not_reloaded	2	2	0	0	0	multiple_qualified_guides	True	True	observed_reference_count_qualification	UNKNOWN_not_inferred_from_label
M	R-HSA-5368287	MRPL30	True	False	UNKNOWN_separate_original_reference_not_reloaded	0	0	0	0	0	not_in_literal_count_library	False	False	UNKNOWN_no_alias_repair	UNKNOWN_not_inferred_from_label
M	R-HSA-5368287	MRPL32	True	True	UNKNOWN_separate_original_reference_not_reloaded	2	2	0	0	0	multiple_qualified_guides	True	True	observed_reference_count_qualification	UNKNOWN_not_inferred_from_label
M	R-HSA-5368287	MRPL33	True	True	UNKNOWN_separate_original_reference_not_reloaded	5	5	0	0	0	multiple_qualified_guides	True	True	observed_reference_count_qualification	UNKNOWN_not_inferred_from_label
M	R-HSA-5368287	MRPL34	True	True	UNKNOWN_separate_original_reference_not_reloaded	6	6	0	0	0	multiple_qualified_guides	True	False	observed_reference_count_qualification	UNKNOWN_not_inferred_from_label
M	R-HSA-5368287	MRPL35	True	False	UNKNOWN_separate_original_reference_not_reloaded	0	0	0	0	0	not_in_literal_count_library	False	False	UNKNOWN_no_alias_repair	UNKNOWN_not_inferred_from_label
M	R-HSA-5368287	MRPL36	True	False	UNKNOWN_separate_original_reference_not_reloaded	0	0	0	0	0	not_in_literal_count_library	False	False	UNKNOWN_no_alias_repair	UNKNOWN_not_inferred_from_label
M	R-HSA-5368287	MRPL37	True	True	UNKNOWN_separate_original_reference_not_reloaded	6	6	0	0	0	multiple_qualified_guides	True	True	observed_reference_count_qualification	UNKNOWN_not_inferred_from_label
M	R-HSA-5368287	MRPL38	True	True	UNKNOWN_separate_original_reference_not_reloaded	6	5	1	0	0	multiple_qualified_guides	True	True	observed_reference_count_qualification	UNKNOWN_not_inferred_from_label
M	R-HSA-5368287	MRPL39	True	True	UNKNOWN_separate_original_reference_not_reloaded	6	5	1	0	0	multiple_qualified_guides	True	True	observed_reference_count_qualification	UNKNOWN_not_inferred_from_label
M	R-HSA-5368287	MRPL4	True	True	UNKNOWN_separate_original_reference_not_reloaded	6	5	1	0	0	multiple_qualified_guides	True	True	observed_reference_count_qualification	UNKNOWN_not_inferred_from_label
M	R-HSA-5368287	MRPL40	True	True	UNKNOWN_separate_original_reference_not_reloaded	3	3	0	0	0	multiple_qualified_guides	True	True	observed_reference_count_qualification	UNKNOWN_not_inferred_from_label
M	R-HSA-5368287	MRPL41	True	True	UNKNOWN_separate_original_reference_not_reloaded	3	3	0	0	0	multiple_qualified_guides	True	True	observed_reference_count_qualification	UNKNOWN_not_inferred_from_label
M	R-HSA-5368287	MRPL42	True	True	UNKNOWN_separate_original_reference_not_reloaded	2	2	0	0	0	multiple_qualified_guides	True	True	observed_reference_count_qualification	UNKNOWN_not_inferred_from_label
M	R-HSA-5368287	MRPL43	True	True	UNKNOWN_separate_original_reference_not_reloaded	6	5	1	0	0	multiple_qualified_guides	True	True	observed_reference_count_qualification	UNKNOWN_not_inferred_from_label
M	R-HSA-5368287	MRPL44	True	True	UNKNOWN_separate_original_reference_not_reloaded	6	5	1	1	1	multiple_qualified_guides	True	True	observed_reference_count_qualification	UNKNOWN_not_inferred_from_label
M	R-HSA-5368287	MRPL45	True	True	UNKNOWN_separate_original_reference_not_reloaded	3	3	0	0	0	multiple_qualified_guides	True	True	observed_reference_count_qualification	UNKNOWN_not_inferred_from_label
M	R-HSA-5368287	MRPL46	True	True	UNKNOWN_separate_original_reference_not_reloaded	6	6	0	0	0	multiple_qualified_guides	True	True	observed_reference_count_qualification	UNKNOWN_not_inferred_from_label
M	R-HSA-5368287	MRPL47	True	True	UNKNOWN_separate_original_reference_not_reloaded	6	4	2	1	1	multiple_qualified_guides	True	True	observed_reference_count_qualification	UNKNOWN_not_inferred_from_label
M	R-HSA-5368287	MRPL48	True	False	UNKNOWN_separate_original_reference_not_reloaded	0	0	0	0	0	not_in_literal_count_library	False	False	UNKNOWN_no_alias_repair	UNKNOWN_not_inferred_from_label
M	R-HSA-5368287	MRPL49	True	True	UNKNOWN_separate_original_reference_not_reloaded	6	4	2	0	0	multiple_qualified_guides	True	False	observed_reference_count_qualification	UNKNOWN_not_inferred_from_label
M	R-HSA-5368287	MRPL50	True	True	UNKNOWN_separate_original_reference_not_reloaded	3	3	0	0	0	multiple_qualified_guides	True	True	observed_reference_count_qualification	UNKNOWN_not_inferred_from_label
M	R-HSA-5368287	MRPL51	True	True	UNKNOWN_separate_original_reference_not_reloaded	5	4	1	0	0	multiple_qualified_guides	True	True	observed_reference_count_qualification	UNKNOWN_not_inferred_from_label
M	R-HSA-5368287	MRPL52	True	True	UNKNOWN_separate_original_reference_not_reloaded	4	4	0	0	0	multiple_qualified_guides	True	True	observed_reference_count_qualification	UNKNOWN_not_inferred_from_label
M	R-HSA-5368287	MRPL53	True	True	UNKNOWN_separate_original_reference_not_reloaded	4	4	0	0	0	multiple_qualified_guides	True	True	observed_reference_count_qualification	UNKNOWN_not_inferred_from_label
M	R-HSA-5368287	MRPL54	True	True	UNKNOWN_separate_original_reference_not_reloaded	6	6	0	0	0	multiple_qualified_guides	True	True	observed_reference_count_qualification	UNKNOWN_not_inferred_from_label
M	R-HSA-5368287	MRPL55	True	True	UNKNOWN_separate_original_reference_not_reloaded	6	6	0	0	0	multiple_qualified_guides	True	True	observed_reference_count_qualification	UNKNOWN_not_inferred_from_label
M	R-HSA-5368287	MRPL57	True	False	UNKNOWN_separate_original_reference_not_reloaded	0	0	0	0	0	not_in_literal_count_library	False	False	UNKNOWN_no_alias_repair	UNKNOWN_not_inferred_from_label
M	R-HSA-5368287	MRPL58	True	False	UNKNOWN_separate_original_reference_not_reloaded	0	0	0	0	0	not_in_literal_count_library	False	False	UNKNOWN_no_alias_repair	UNKNOWN_not_inferred_from_label
M	R-HSA-5368287	MRPL9	True	True	UNKNOWN_separate_original_reference_not_reloaded	4	4	0	0	0	multiple_qualified_guides	True	True	observed_reference_count_qualification	UNKNOWN_not_inferred_from_label
M	R-HSA-5368287	MRPS10	True	True	UNKNOWN_separate_original_reference_not_reloaded	1	1	0	0	0	single_qualified_guide	True	True	observed_reference_count_qualification	UNKNOWN_not_inferred_from_label
M	R-HSA-5368287	MRPS11	True	True	UNKNOWN_separate_original_reference_not_reloaded	6	6	0	0	0	multiple_qualified_guides	True	True	observed_reference_count_qualification	UNKNOWN_not_inferred_from_label
M	R-HSA-5368287	MRPS12	True	True	UNKNOWN_separate_original_reference_not_reloaded	4	2	2	1	1	multiple_qualified_guides	True	True	observed_reference_count_qualification	UNKNOWN_not_inferred_from_label
M	R-HSA-5368287	MRPS14	True	True	UNKNOWN_separate_original_reference_not_reloaded	6	6	0	0	0	multiple_qualified_guides	True	True	observed_reference_count_qualification	UNKNOWN_not_inferred_from_label
M	R-HSA-5368287	MRPS15	True	True	UNKNOWN_separate_original_reference_not_reloaded	6	5	1	0	0	multiple_qualified_guides	True	True	observed_reference_count_qualification	UNKNOWN_not_inferred_from_label
M	R-HSA-5368287	MRPS16	True	True	UNKNOWN_separate_original_reference_not_reloaded	4	4	0	0	0	multiple_qualified_guides	True	True	observed_reference_count_qualification	UNKNOWN_not_inferred_from_label
M	R-HSA-5368287	MRPS17	True	True	UNKNOWN_separate_original_reference_not_reloaded	2	1	0	1	0	single_qualified_guide	True	True	observed_reference_count_qualification	UNKNOWN_not_inferred_from_label
M	R-HSA-5368287	MRPS18A	True	True	UNKNOWN_separate_original_reference_not_reloaded	5	5	0	0	0	multiple_qualified_guides	True	True	observed_reference_count_qualification	UNKNOWN_not_inferred_from_label
M	R-HSA-5368287	MRPS18B	True	True	UNKNOWN_separate_original_reference_not_reloaded	6	5	1	0	0	multiple_qualified_guides	True	True	observed_reference_count_qualification	UNKNOWN_not_inferred_from_label
M	R-HSA-5368287	MRPS18C	True	True	UNKNOWN_separate_original_reference_not_reloaded	2	2	0	0	0	multiple_qualified_guides	True	True	observed_reference_count_qualification	UNKNOWN_not_inferred_from_label
M	R-HSA-5368287	MRPS2	True	True	UNKNOWN_separate_original_reference_not_reloaded	6	6	0	0	0	multiple_qualified_guides	True	True	observed_reference_count_qualification	UNKNOWN_not_inferred_from_label
M	R-HSA-5368287	MRPS21	True	False	UNKNOWN_separate_original_reference_not_reloaded	0	0	0	0	0	not_in_literal_count_library	False	False	UNKNOWN_no_alias_repair	UNKNOWN_not_inferred_from_label
M	R-HSA-5368287	MRPS22	True	True	UNKNOWN_separate_original_reference_not_reloaded	6	5	1	0	0	multiple_qualified_guides	True	True	observed_reference_count_qualification	UNKNOWN_not_inferred_from_label
M	R-HSA-5368287	MRPS23	True	True	UNKNOWN_separate_original_reference_not_reloaded	6	6	0	0	0	multiple_qualified_guides	True	True	observed_reference_count_qualification	UNKNOWN_not_inferred_from_label
M	R-HSA-5368287	MRPS24	True	True	UNKNOWN_separate_original_reference_not_reloaded	6	5	1	0	0	multiple_qualified_guides	True	True	observed_reference_count_qualification	UNKNOWN_not_inferred_from_label
M	R-HSA-5368287	MRPS25	True	True	UNKNOWN_separate_original_reference_not_reloaded	5	5	0	0	0	multiple_qualified_guides	True	True	observed_reference_count_qualification	UNKNOWN_not_inferred_from_label
M	R-HSA-5368287	MRPS26	True	True	UNKNOWN_separate_original_reference_not_reloaded	6	6	0	0	0	multiple_qualified_guides	True	True	observed_reference_count_qualification	UNKNOWN_not_inferred_from_label
M	R-HSA-5368287	MRPS27	True	True	UNKNOWN_separate_original_reference_not_reloaded	6	6	0	0	0	multiple_qualified_guides	True	True	observed_reference_count_qualification	UNKNOWN_not_inferred_from_label
M	R-HSA-5368287	MRPS28	True	True	UNKNOWN_separate_original_reference_not_reloaded	6	6	0	0	0	multiple_qualified_guides	True	True	observed_reference_count_qualification	UNKNOWN_not_inferred_from_label
M	R-HSA-5368287	MRPS30	True	True	UNKNOWN_separate_original_reference_not_reloaded	5	5	0	0	0	multiple_qualified_guides	True	True	observed_reference_count_qualification	UNKNOWN_not_inferred_from_label
M	R-HSA-5368287	MRPS31	True	True	UNKNOWN_separate_original_reference_not_reloaded	2	1	1	0	0	single_qualified_guide	True	True	observed_reference_count_qualification	UNKNOWN_not_inferred_from_label
M	R-HSA-5368287	MRPS33	True	False	UNKNOWN_separate_original_reference_not_reloaded	0	0	0	0	0	not_in_literal_count_library	False	False	UNKNOWN_no_alias_repair	UNKNOWN_not_inferred_from_label
M	R-HSA-5368287	MRPS34	True	True	UNKNOWN_separate_original_reference_not_reloaded	6	6	0	0	0	multiple_qualified_guides	True	True	observed_reference_count_qualification	UNKNOWN_not_inferred_from_label
M	R-HSA-5368287	MRPS35	True	True	UNKNOWN_separate_original_reference_not_reloaded	6	6	0	0	0	multiple_qualified_guides	True	True	observed_reference_count_qualification	UNKNOWN_not_inferred_from_label
M	R-HSA-5368287	MRPS5	True	True	UNKNOWN_separate_original_reference_not_reloaded	6	6	0	0	0	multiple_qualified_guides	True	True	observed_reference_count_qualification	UNKNOWN_not_inferred_from_label
M	R-HSA-5368287	MRPS6	True	True	UNKNOWN_separate_original_reference_not_reloaded	1	1	0	0	0	single_qualified_guide	True	True	observed_reference_count_qualification	UNKNOWN_not_inferred_from_label
M	R-HSA-5368287	MRPS7	True	True	UNKNOWN_separate_original_reference_not_reloaded	6	6	0	0	0	multiple_qualified_guides	True	True	observed_reference_count_qualification	UNKNOWN_not_inferred_from_label
M	R-HSA-5368287	MRPS9	True	True	UNKNOWN_separate_original_reference_not_reloaded	6	6	0	0	0	multiple_qualified_guides	True	True	observed_reference_count_qualification	UNKNOWN_not_inferred_from_label
M	R-HSA-5368287	MRRF	True	False	UNKNOWN_separate_original_reference_not_reloaded	0	0	0	0	0	not_in_literal_count_library	False	False	UNKNOWN_no_alias_repair	UNKNOWN_not_inferred_from_label
M	R-HSA-5368287	MT-ATP6	True	False	UNKNOWN_separate_original_reference_not_reloaded	0	0	0	0	0	not_in_literal_count_library	False	False	UNKNOWN_no_alias_repair	UNKNOWN_not_inferred_from_label
M	R-HSA-5368287	MT-ATP8	True	False	UNKNOWN_separate_original_reference_not_reloaded	0	0	0	0	0	not_in_literal_count_library	False	False	UNKNOWN_no_alias_repair	UNKNOWN_not_inferred_from_label
M	R-HSA-5368287	MT-CO1	True	False	UNKNOWN_separate_original_reference_not_reloaded	0	0	0	0	0	not_in_literal_count_library	False	False	UNKNOWN_no_alias_repair	UNKNOWN_not_inferred_from_label
M	R-HSA-5368287	MT-CO2	True	False	UNKNOWN_separate_original_reference_not_reloaded	0	0	0	0	0	not_in_literal_count_library	False	False	UNKNOWN_no_alias_repair	UNKNOWN_not_inferred_from_label
M	R-HSA-5368287	MT-CO3	True	False	UNKNOWN_separate_original_reference_not_reloaded	0	0	0	0	0	not_in_literal_count_library	False	False	UNKNOWN_no_alias_repair	UNKNOWN_not_inferred_from_label
M	R-HSA-5368287	MT-CYB	True	False	UNKNOWN_separate_original_reference_not_reloaded	0	0	0	0	0	not_in_literal_count_library	False	False	UNKNOWN_no_alias_repair	UNKNOWN_not_inferred_from_label
M	R-HSA-5368287	MT-ND1	True	False	UNKNOWN_separate_original_reference_not_reloaded	0	0	0	0	0	not_in_literal_count_library	False	False	UNKNOWN_no_alias_repair	UNKNOWN_not_inferred_from_label
M	R-HSA-5368287	MT-ND2	True	False	UNKNOWN_separate_original_reference_not_reloaded	0	0	0	0	0	not_in_literal_count_library	False	False	UNKNOWN_no_alias_repair	UNKNOWN_not_inferred_from_label
M	R-HSA-5368287	MT-ND3	True	False	UNKNOWN_separate_original_reference_not_reloaded	0	0	0	0	0	not_in_literal_count_library	False	False	UNKNOWN_no_alias_repair	UNKNOWN_not_inferred_from_label
M	R-HSA-5368287	MT-ND4	True	False	UNKNOWN_separate_original_reference_not_reloaded	0	0	0	0	0	not_in_literal_count_library	False	False	UNKNOWN_no_alias_repair	UNKNOWN_not_inferred_from_label
M	R-HSA-5368287	MT-ND4L	True	False	UNKNOWN_separate_original_reference_not_reloaded	0	0	0	0	0	not_in_literal_count_library	False	False	UNKNOWN_no_alias_repair	UNKNOWN_not_inferred_from_label
M	R-HSA-5368287	MT-ND5	True	False	UNKNOWN_separate_original_reference_not_reloaded	0	0	0	0	0	not_in_literal_count_library	False	False	UNKNOWN_no_alias_repair	UNKNOWN_not_inferred_from_label
M	R-HSA-5368287	MT-ND6	True	False	UNKNOWN_separate_original_reference_not_reloaded	0	0	0	0	0	not_in_literal_count_library	False	False	UNKNOWN_no_alias_repair	UNKNOWN_not_inferred_from_label
M	R-HSA-5368287	MT-RNR1	True	False	UNKNOWN_separate_original_reference_not_reloaded	0	0	0	0	0	not_in_literal_count_library	False	False	UNKNOWN_no_alias_repair	UNKNOWN_not_inferred_from_label
M	R-HSA-5368287	MT-RNR2	True	False	UNKNOWN_separate_original_reference_not_reloaded	0	0	0	0	0	not_in_literal_count_library	False	False	UNKNOWN_no_alias_repair	UNKNOWN_not_inferred_from_label
M	R-HSA-5368287	MT-TA	True	False	UNKNOWN_separate_original_reference_not_reloaded	0	0	0	0	0	not_in_literal_count_library	False	False	UNKNOWN_no_alias_repair	UNKNOWN_not_inferred_from_label
M	R-HSA-5368287	MT-TC	True	False	UNKNOWN_separate_original_reference_not_reloaded	0	0	0	0	0	not_in_literal_count_library	False	False	UNKNOWN_no_alias_repair	UNKNOWN_not_inferred_from_label
M	R-HSA-5368287	MT-TD	True	False	UNKNOWN_separate_original_reference_not_reloaded	0	0	0	0	0	not_in_literal_count_library	False	False	UNKNOWN_no_alias_repair	UNKNOWN_not_inferred_from_label
M	R-HSA-5368287	MT-TE	True	False	UNKNOWN_separate_original_reference_not_reloaded	0	0	0	0	0	not_in_literal_count_library	False	False	UNKNOWN_no_alias_repair	UNKNOWN_not_inferred_from_label
M	R-HSA-5368287	MT-TF	True	False	UNKNOWN_separate_original_reference_not_reloaded	0	0	0	0	0	not_in_literal_count_library	False	False	UNKNOWN_no_alias_repair	UNKNOWN_not_inferred_from_label
M	R-HSA-5368287	MT-TG	True	False	UNKNOWN_separate_original_reference_not_reloaded	0	0	0	0	0	not_in_literal_count_library	False	False	UNKNOWN_no_alias_repair	UNKNOWN_not_inferred_from_label
M	R-HSA-5368287	MT-TH	True	False	UNKNOWN_separate_original_reference_not_reloaded	0	0	0	0	0	not_in_literal_count_library	False	False	UNKNOWN_no_alias_repair	UNKNOWN_not_inferred_from_label
M	R-HSA-5368287	MT-TI	True	False	UNKNOWN_separate_original_reference_not_reloaded	0	0	0	0	0	not_in_literal_count_library	False	False	UNKNOWN_no_alias_repair	UNKNOWN_not_inferred_from_label
M	R-HSA-5368287	MT-TK	True	False	UNKNOWN_separate_original_reference_not_reloaded	0	0	0	0	0	not_in_literal_count_library	False	False	UNKNOWN_no_alias_repair	UNKNOWN_not_inferred_from_label
M	R-HSA-5368287	MT-TL1	True	False	UNKNOWN_separate_original_reference_not_reloaded	0	0	0	0	0	not_in_literal_count_library	False	False	UNKNOWN_no_alias_repair	UNKNOWN_not_inferred_from_label
M	R-HSA-5368287	MT-TL2	True	False	UNKNOWN_separate_original_reference_not_reloaded	0	0	0	0	0	not_in_literal_count_library	False	False	UNKNOWN_no_alias_repair	UNKNOWN_not_inferred_from_label
M	R-HSA-5368287	MT-TM	True	False	UNKNOWN_separate_original_reference_not_reloaded	0	0	0	0	0	not_in_literal_count_library	False	False	UNKNOWN_no_alias_repair	UNKNOWN_not_inferred_from_label
M	R-HSA-5368287	MT-TN	True	False	UNKNOWN_separate_original_reference_not_reloaded	0	0	0	0	0	not_in_literal_count_library	False	False	UNKNOWN_no_alias_repair	UNKNOWN_not_inferred_from_label
M	R-HSA-5368287	MT-TP	True	False	UNKNOWN_separate_original_reference_not_reloaded	0	0	0	0	0	not_in_literal_count_library	False	False	UNKNOWN_no_alias_repair	UNKNOWN_not_inferred_from_label
M	R-HSA-5368287	MT-TQ	True	False	UNKNOWN_separate_original_reference_not_reloaded	0	0	0	0	0	not_in_literal_count_library	False	False	UNKNOWN_no_alias_repair	UNKNOWN_not_inferred_from_label
M	R-HSA-5368287	MT-TR	True	False	UNKNOWN_separate_original_reference_not_reloaded	0	0	0	0	0	not_in_literal_count_library	False	False	UNKNOWN_no_alias_repair	UNKNOWN_not_inferred_from_label
M	R-HSA-5368287	MT-TS1	True	False	UNKNOWN_separate_original_reference_not_reloaded	0	0	0	0	0	not_in_literal_count_library	False	False	UNKNOWN_no_alias_repair	UNKNOWN_not_inferred_from_label
M	R-HSA-5368287	MT-TS2	True	False	UNKNOWN_separate_original_reference_not_reloaded	0	0	0	0	0	not_in_literal_count_library	False	False	UNKNOWN_no_alias_repair	UNKNOWN_not_inferred_from_label
M	R-HSA-5368287	MT-TT	True	False	UNKNOWN_separate_original_reference_not_reloaded	0	0	0	0	0	not_in_literal_count_library	False	False	UNKNOWN_no_alias_repair	UNKNOWN_not_inferred_from_label
M	R-HSA-5368287	MT-TV	True	False	UNKNOWN_separate_original_reference_not_reloaded	0	0	0	0	0	not_in_literal_count_library	False	False	UNKNOWN_no_alias_repair	UNKNOWN_not_inferred_from_label
M	R-HSA-5368287	MT-TW	True	False	UNKNOWN_separate_original_reference_not_reloaded	0	0	0	0	0	not_in_literal_count_library	False	False	UNKNOWN_no_alias_repair	UNKNOWN_not_inferred_from_label
M	R-HSA-5368287	MT-TY	True	False	UNKNOWN_separate_original_reference_not_reloaded	0	0	0	0	0	not_in_literal_count_library	False	False	UNKNOWN_no_alias_repair	UNKNOWN_not_inferred_from_label
M	R-HSA-5368287	MTFMT	True	True	UNKNOWN_separate_original_reference_not_reloaded	6	6	0	0	0	multiple_qualified_guides	True	True	observed_reference_count_qualification	UNKNOWN_not_inferred_from_label
M	R-HSA-5368287	MTIF2	True	True	UNKNOWN_separate_original_reference_not_reloaded	2	2	0	0	0	multiple_qualified_guides	True	True	observed_reference_count_qualification	UNKNOWN_not_inferred_from_label
M	R-HSA-5368287	MTIF3	True	False	UNKNOWN_separate_original_reference_not_reloaded	0	0	0	0	0	not_in_literal_count_library	False	False	UNKNOWN_no_alias_repair	UNKNOWN_not_inferred_from_label
M	R-HSA-5368287	MTRES1	True	False	UNKNOWN_separate_original_reference_not_reloaded	0	0	0	0	0	not_in_literal_count_library	False	False	UNKNOWN_no_alias_repair	UNKNOWN_not_inferred_from_label
M	R-HSA-5368287	MTRF1	True	True	UNKNOWN_separate_original_reference_not_reloaded	6	4	2	0	0	multiple_qualified_guides	True	True	observed_reference_count_qualification	UNKNOWN_not_inferred_from_label
M	R-HSA-5368287	MTRF1L	True	True	UNKNOWN_separate_original_reference_not_reloaded	1	1	0	0	0	single_qualified_guide	True	True	observed_reference_count_qualification	UNKNOWN_not_inferred_from_label
M	R-HSA-5368287	MTRFR	True	False	UNKNOWN_separate_original_reference_not_reloaded	0	0	0	0	0	not_in_literal_count_library	False	False	UNKNOWN_no_alias_repair	UNKNOWN_not_inferred_from_label
M	R-HSA-5368287	NDUFAB1	True	True	UNKNOWN_separate_original_reference_not_reloaded	3	2	1	0	0	multiple_qualified_guides	True	False	observed_reference_count_qualification	UNKNOWN_not_inferred_from_label
M	R-HSA-5368287	OXA1L	True	True	UNKNOWN_separate_original_reference_not_reloaded	6	6	0	0	0	multiple_qualified_guides	True	False	observed_reference_count_qualification	UNKNOWN_not_inferred_from_label
M	R-HSA-5368287	PTCD3	True	True	UNKNOWN_separate_original_reference_not_reloaded	6	6	0	0	0	multiple_qualified_guides	True	True	observed_reference_count_qualification	UNKNOWN_not_inferred_from_label
M	R-HSA-5368287	TSFM	True	True	UNKNOWN_separate_original_reference_not_reloaded	6	6	0	0	0	multiple_qualified_guides	True	True	observed_reference_count_qualification	UNKNOWN_not_inferred_from_label
M	R-HSA-5368287	TUFM	True	True	UNKNOWN_separate_original_reference_not_reloaded	6	6	0	0	0	multiple_qualified_guides	True	True	observed_reference_count_qualification	UNKNOWN_not_inferred_from_label
C	R-HSA-156842	18S rRNA	True	False	UNKNOWN_separate_original_reference_not_reloaded	0	0	0	0	0	not_in_literal_count_library	False	False	UNKNOWN_no_alias_repair	UNKNOWN_not_inferred_from_label
C	R-HSA-156842	28S rRNA	True	False	UNKNOWN_separate_original_reference_not_reloaded	0	0	0	0	0	not_in_literal_count_library	False	False	UNKNOWN_no_alias_repair	UNKNOWN_not_inferred_from_label
C	R-HSA-156842	5.8S rRNA	True	False	UNKNOWN_separate_original_reference_not_reloaded	0	0	0	0	0	not_in_literal_count_library	False	False	UNKNOWN_no_alias_repair	UNKNOWN_not_inferred_from_label
C	R-HSA-156842	5S rRNA	True	False	UNKNOWN_separate_original_reference_not_reloaded	0	0	0	0	0	not_in_literal_count_library	False	False	UNKNOWN_no_alias_repair	UNKNOWN_not_inferred_from_label
C	R-HSA-156842	EEF1A1	True	False	UNKNOWN_separate_original_reference_not_reloaded	0	0	0	0	0	not_in_literal_count_library	False	False	UNKNOWN_no_alias_repair	UNKNOWN_not_inferred_from_label
C	R-HSA-156842	EEF1A1P5	True	False	UNKNOWN_separate_original_reference_not_reloaded	0	0	0	0	0	not_in_literal_count_library	False	False	UNKNOWN_no_alias_repair	UNKNOWN_not_inferred_from_label
C	R-HSA-156842	EEF1A2	True	True	UNKNOWN_separate_original_reference_not_reloaded	6	5	0	1	0	multiple_qualified_guides	True	True	observed_reference_count_qualification	UNKNOWN_not_inferred_from_label
C	R-HSA-156842	EEF1B2	True	False	UNKNOWN_separate_original_reference_not_reloaded	0	0	0	0	0	not_in_literal_count_library	False	False	UNKNOWN_no_alias_repair	UNKNOWN_not_inferred_from_label
C	R-HSA-156842	EEF1D	True	True	UNKNOWN_separate_original_reference_not_reloaded	5	5	0	0	0	multiple_qualified_guides	True	True	observed_reference_count_qualification	UNKNOWN_not_inferred_from_label
C	R-HSA-156842	EEF1G	True	True	UNKNOWN_separate_original_reference_not_reloaded	6	6	0	0	0	multiple_qualified_guides	True	False	observed_reference_count_qualification	UNKNOWN_not_inferred_from_label
C	R-HSA-156842	EEF2	True	True	UNKNOWN_separate_original_reference_not_reloaded	6	4	1	2	1	multiple_qualified_guides	True	True	observed_reference_count_qualification	UNKNOWN_not_inferred_from_label
C	R-HSA-156842	FAU	True	True	UNKNOWN_separate_original_reference_not_reloaded	2	2	0	0	0	multiple_qualified_guides	True	False	observed_reference_count_qualification	UNKNOWN_not_inferred_from_label
C	R-HSA-156842	RPL10	True	True	UNKNOWN_separate_original_reference_not_reloaded	2	1	0	1	0	single_qualified_guide	True	False	observed_reference_count_qualification	UNKNOWN_not_inferred_from_label
C	R-HSA-156842	RPL10A	True	True	UNKNOWN_separate_original_reference_not_reloaded	2	1	0	1	0	single_qualified_guide	True	False	observed_reference_count_qualification	UNKNOWN_not_inferred_from_label
C	R-HSA-156842	RPL10L	True	True	UNKNOWN_separate_original_reference_not_reloaded	1	1	0	0	0	single_qualified_guide	True	True	observed_reference_count_qualification	UNKNOWN_not_inferred_from_label
C	R-HSA-156842	RPL11	True	True	UNKNOWN_separate_original_reference_not_reloaded	1	1	0	0	0	single_qualified_guide	True	False	observed_reference_count_qualification	UNKNOWN_not_inferred_from_label
C	R-HSA-156842	RPL12	True	True	UNKNOWN_separate_original_reference_not_reloaded	4	1	0	3	0	single_qualified_guide	True	False	observed_reference_count_qualification	UNKNOWN_not_inferred_from_label
C	R-HSA-156842	RPL13	True	True	UNKNOWN_separate_original_reference_not_reloaded	2	1	0	1	0	single_qualified_guide	True	False	observed_reference_count_qualification	UNKNOWN_not_inferred_from_label
C	R-HSA-156842	RPL13A	True	True	UNKNOWN_separate_original_reference_not_reloaded	3	3	0	0	0	multiple_qualified_guides	True	True	observed_reference_count_qualification	UNKNOWN_not_inferred_from_label
C	R-HSA-156842	RPL14	True	True	UNKNOWN_separate_original_reference_not_reloaded	2	1	1	0	0	single_qualified_guide	True	False	observed_reference_count_qualification	UNKNOWN_not_inferred_from_label
C	R-HSA-156842	RPL15	True	True	UNKNOWN_separate_original_reference_not_reloaded	1	1	0	0	0	single_qualified_guide	True	False	observed_reference_count_qualification	UNKNOWN_not_inferred_from_label
C	R-HSA-156842	RPL17	True	False	UNKNOWN_separate_original_reference_not_reloaded	0	0	0	0	0	not_in_literal_count_library	False	False	UNKNOWN_no_alias_repair	UNKNOWN_not_inferred_from_label
C	R-HSA-156842	RPL18	True	True	UNKNOWN_separate_original_reference_not_reloaded	4	3	0	1	0	multiple_qualified_guides	True	False	observed_reference_count_qualification	UNKNOWN_not_inferred_from_label
C	R-HSA-156842	RPL18A	True	False	UNKNOWN_separate_original_reference_not_reloaded	0	0	0	0	0	not_in_literal_count_library	False	False	UNKNOWN_no_alias_repair	UNKNOWN_not_inferred_from_label
C	R-HSA-156842	RPL19	True	True	UNKNOWN_separate_original_reference_not_reloaded	1	1	0	0	0	single_qualified_guide	True	False	observed_reference_count_qualification	UNKNOWN_not_inferred_from_label
C	R-HSA-156842	RPL21	True	False	UNKNOWN_separate_original_reference_not_reloaded	0	0	0	0	0	not_in_literal_count_library	False	False	UNKNOWN_no_alias_repair	UNKNOWN_not_inferred_from_label
C	R-HSA-156842	RPL22	True	True	UNKNOWN_separate_original_reference_not_reloaded	2	1	1	0	0	single_qualified_guide	True	True	observed_reference_count_qualification	UNKNOWN_not_inferred_from_label
C	R-HSA-156842	RPL22L1	True	True	UNKNOWN_separate_original_reference_not_reloaded	1	1	0	0	0	single_qualified_guide	True	True	observed_reference_count_qualification	UNKNOWN_not_inferred_from_label
C	R-HSA-156842	RPL23	True	False	UNKNOWN_separate_original_reference_not_reloaded	0	0	0	0	0	not_in_literal_count_library	False	False	UNKNOWN_no_alias_repair	UNKNOWN_not_inferred_from_label
C	R-HSA-156842	RPL23A	True	True	UNKNOWN_separate_original_reference_not_reloaded	4	3	1	0	0	multiple_qualified_guides	True	False	observed_reference_count_qualification	UNKNOWN_not_inferred_from_label
C	R-HSA-156842	RPL24	True	False	UNKNOWN_separate_original_reference_not_reloaded	0	0	0	0	0	not_in_literal_count_library	False	False	UNKNOWN_no_alias_repair	UNKNOWN_not_inferred_from_label
C	R-HSA-156842	RPL26	True	False	UNKNOWN_separate_original_reference_not_reloaded	0	0	0	0	0	not_in_literal_count_library	False	False	UNKNOWN_no_alias_repair	UNKNOWN_not_inferred_from_label
C	R-HSA-156842	RPL26L1	True	True	UNKNOWN_separate_original_reference_not_reloaded	1	1	0	0	0	single_qualified_guide	True	True	observed_reference_count_qualification	UNKNOWN_not_inferred_from_label
C	R-HSA-156842	RPL27	True	False	UNKNOWN_separate_original_reference_not_reloaded	0	0	0	0	0	not_in_literal_count_library	False	False	UNKNOWN_no_alias_repair	UNKNOWN_not_inferred_from_label
C	R-HSA-156842	RPL27A	True	True	UNKNOWN_separate_original_reference_not_reloaded	2	1	0	1	0	single_qualified_guide	True	False	observed_reference_count_qualification	UNKNOWN_not_inferred_from_label
C	R-HSA-156842	RPL28	True	True	UNKNOWN_separate_original_reference_not_reloaded	5	4	1	0	0	multiple_qualified_guides	True	True	observed_reference_count_qualification	UNKNOWN_not_inferred_from_label
C	R-HSA-156842	RPL29	True	True	UNKNOWN_separate_original_reference_not_reloaded	2	1	1	0	0	single_qualified_guide	True	True	observed_reference_count_qualification	UNKNOWN_not_inferred_from_label
C	R-HSA-156842	RPL3	True	True	UNKNOWN_separate_original_reference_not_reloaded	1	1	0	0	0	single_qualified_guide	True	False	observed_reference_count_qualification	UNKNOWN_not_inferred_from_label
C	R-HSA-156842	RPL30	True	False	UNKNOWN_separate_original_reference_not_reloaded	0	0	0	0	0	not_in_literal_count_library	False	False	UNKNOWN_no_alias_repair	UNKNOWN_not_inferred_from_label
C	R-HSA-156842	RPL31	True	True	UNKNOWN_separate_original_reference_not_reloaded	2	2	0	0	0	multiple_qualified_guides	True	False	observed_reference_count_qualification	UNKNOWN_not_inferred_from_label
C	R-HSA-156842	RPL32	True	False	UNKNOWN_separate_original_reference_not_reloaded	0	0	0	0	0	not_in_literal_count_library	False	False	UNKNOWN_no_alias_repair	UNKNOWN_not_inferred_from_label
C	R-HSA-156842	RPL34	True	False	UNKNOWN_separate_original_reference_not_reloaded	0	0	0	0	0	not_in_literal_count_library	False	False	UNKNOWN_no_alias_repair	UNKNOWN_not_inferred_from_label
C	R-HSA-156842	RPL35	True	True	UNKNOWN_separate_original_reference_not_reloaded	1	1	0	0	0	single_qualified_guide	True	False	observed_reference_count_qualification	UNKNOWN_not_inferred_from_label
C	R-HSA-156842	RPL35A	True	False	UNKNOWN_separate_original_reference_not_reloaded	0	0	0	0	0	not_in_literal_count_library	False	False	UNKNOWN_no_alias_repair	UNKNOWN_not_inferred_from_label
C	R-HSA-156842	RPL36	True	False	UNKNOWN_separate_original_reference_not_reloaded	0	0	0	0	0	not_in_literal_count_library	False	False	UNKNOWN_no_alias_repair	UNKNOWN_not_inferred_from_label
C	R-HSA-156842	RPL36A	True	True	UNKNOWN_separate_original_reference_not_reloaded	3	3	0	0	0	multiple_qualified_guides	True	False	observed_reference_count_qualification	UNKNOWN_not_inferred_from_label
C	R-HSA-156842	RPL36AL	True	False	UNKNOWN_separate_original_reference_not_reloaded	0	0	0	0	0	not_in_literal_count_library	False	False	UNKNOWN_no_alias_repair	UNKNOWN_not_inferred_from_label
C	R-HSA-156842	RPL37	True	False	UNKNOWN_separate_original_reference_not_reloaded	0	0	0	0	0	not_in_literal_count_library	False	False	UNKNOWN_no_alias_repair	UNKNOWN_not_inferred_from_label
C	R-HSA-156842	RPL37A	True	True	UNKNOWN_separate_original_reference_not_reloaded	1	1	0	0	0	single_qualified_guide	True	False	observed_reference_count_qualification	UNKNOWN_not_inferred_from_label
C	R-HSA-156842	RPL38	True	True	UNKNOWN_separate_original_reference_not_reloaded	1	1	0	0	0	single_qualified_guide	True	False	observed_reference_count_qualification	UNKNOWN_not_inferred_from_label
C	R-HSA-156842	RPL39	True	False	UNKNOWN_separate_original_reference_not_reloaded	0	0	0	0	0	not_in_literal_count_library	False	False	UNKNOWN_no_alias_repair	UNKNOWN_not_inferred_from_label
C	R-HSA-156842	RPL39L	True	False	UNKNOWN_separate_original_reference_not_reloaded	0	0	0	0	0	not_in_literal_count_library	False	False	UNKNOWN_no_alias_repair	UNKNOWN_not_inferred_from_label
C	R-HSA-156842	RPL3L	True	True	UNKNOWN_separate_original_reference_not_reloaded	6	4	2	0	0	multiple_qualified_guides	True	True	observed_reference_count_qualification	UNKNOWN_not_inferred_from_label
C	R-HSA-156842	RPL4	True	True	UNKNOWN_separate_original_reference_not_reloaded	1	1	0	0	0	single_qualified_guide	True	False	observed_reference_count_qualification	UNKNOWN_not_inferred_from_label
C	R-HSA-156842	RPL41	True	False	UNKNOWN_separate_original_reference_not_reloaded	0	0	0	0	0	not_in_literal_count_library	False	False	UNKNOWN_no_alias_repair	UNKNOWN_not_inferred_from_label
C	R-HSA-156842	RPL5	True	False	UNKNOWN_separate_original_reference_not_reloaded	0	0	0	0	0	not_in_literal_count_library	False	False	UNKNOWN_no_alias_repair	UNKNOWN_not_inferred_from_label
C	R-HSA-156842	RPL6	True	False	UNKNOWN_separate_original_reference_not_reloaded	0	0	0	0	0	not_in_literal_count_library	False	False	UNKNOWN_no_alias_repair	UNKNOWN_not_inferred_from_label
C	R-HSA-156842	RPL7	True	True	UNKNOWN_separate_original_reference_not_reloaded	1	1	0	0	0	single_qualified_guide	True	False	observed_reference_count_qualification	UNKNOWN_not_inferred_from_label
C	R-HSA-156842	RPL7A	True	True	UNKNOWN_separate_original_reference_not_reloaded	1	1	0	0	0	single_qualified_guide	True	False	observed_reference_count_qualification	UNKNOWN_not_inferred_from_label
C	R-HSA-156842	RPL8	True	True	UNKNOWN_separate_original_reference_not_reloaded	3	3	0	0	0	multiple_qualified_guides	True	False	observed_reference_count_qualification	UNKNOWN_not_inferred_from_label
C	R-HSA-156842	RPL9	True	True	UNKNOWN_separate_original_reference_not_reloaded	1	1	0	0	0	single_qualified_guide	True	False	observed_reference_count_qualification	UNKNOWN_not_inferred_from_label
C	R-HSA-156842	RPLP0	True	True	UNKNOWN_separate_original_reference_not_reloaded	1	0	0	1	0	no_reference_qualified_guide	False	False	observed_reference_count_qualification	UNKNOWN_not_inferred_from_label
C	R-HSA-156842	RPLP1	True	True	UNKNOWN_separate_original_reference_not_reloaded	1	1	0	0	0	single_qualified_guide	True	False	observed_reference_count_qualification	UNKNOWN_not_inferred_from_label
C	R-HSA-156842	RPLP2	True	True	UNKNOWN_separate_original_reference_not_reloaded	1	1	0	0	0	single_qualified_guide	True	False	observed_reference_count_qualification	UNKNOWN_not_inferred_from_label
C	R-HSA-156842	RPS10	True	True	UNKNOWN_separate_original_reference_not_reloaded	3	2	1	0	0	multiple_qualified_guides	True	False	observed_reference_count_qualification	UNKNOWN_not_inferred_from_label
C	R-HSA-156842	RPS11	True	True	UNKNOWN_separate_original_reference_not_reloaded	1	1	0	0	0	single_qualified_guide	True	False	observed_reference_count_qualification	UNKNOWN_not_inferred_from_label
C	R-HSA-156842	RPS12	True	True	UNKNOWN_separate_original_reference_not_reloaded	1	1	0	0	0	single_qualified_guide	True	False	observed_reference_count_qualification	UNKNOWN_not_inferred_from_label
C	R-HSA-156842	RPS13	True	True	UNKNOWN_separate_original_reference_not_reloaded	1	1	0	0	0	single_qualified_guide	True	False	observed_reference_count_qualification	UNKNOWN_not_inferred_from_label
C	R-HSA-156842	RPS14	True	False	UNKNOWN_separate_original_reference_not_reloaded	0	0	0	0	0	not_in_literal_count_library	False	False	UNKNOWN_no_alias_repair	UNKNOWN_not_inferred_from_label
C	R-HSA-156842	RPS15	True	True	UNKNOWN_separate_original_reference_not_reloaded	5	5	0	0	0	multiple_qualified_guides	True	False	observed_reference_count_qualification	UNKNOWN_not_inferred_from_label
C	R-HSA-156842	RPS15A	True	True	UNKNOWN_separate_original_reference_not_reloaded	1	1	0	0	0	single_qualified_guide	True	False	observed_reference_count_qualification	UNKNOWN_not_inferred_from_label
C	R-HSA-156842	RPS16	True	True	UNKNOWN_separate_original_reference_not_reloaded	1	1	0	0	0	single_qualified_guide	True	False	observed_reference_count_qualification	UNKNOWN_not_inferred_from_label
C	R-HSA-156842	RPS17	True	False	UNKNOWN_separate_original_reference_not_reloaded	0	0	0	0	0	not_in_literal_count_library	False	False	UNKNOWN_no_alias_repair	UNKNOWN_not_inferred_from_label
C	R-HSA-156842	RPS18	True	True	UNKNOWN_separate_original_reference_not_reloaded	1	1	0	0	0	single_qualified_guide	True	False	observed_reference_count_qualification	UNKNOWN_not_inferred_from_label
C	R-HSA-156842	RPS19	True	True	UNKNOWN_separate_original_reference_not_reloaded	1	1	0	0	0	single_qualified_guide	True	False	observed_reference_count_qualification	UNKNOWN_not_inferred_from_label
C	R-HSA-156842	RPS2	True	True	UNKNOWN_separate_original_reference_not_reloaded	2	1	1	1	1	single_qualified_guide	True	False	observed_reference_count_qualification	UNKNOWN_not_inferred_from_label
C	R-HSA-156842	RPS20	True	False	UNKNOWN_separate_original_reference_not_reloaded	0	0	0	0	0	not_in_literal_count_library	False	False	UNKNOWN_no_alias_repair	UNKNOWN_not_inferred_from_label
C	R-HSA-156842	RPS21	True	True	UNKNOWN_separate_original_reference_not_reloaded	2	2	0	0	0	multiple_qualified_guides	True	False	observed_reference_count_qualification	UNKNOWN_not_inferred_from_label
C	R-HSA-156842	RPS23	True	False	UNKNOWN_separate_original_reference_not_reloaded	0	0	0	0	0	not_in_literal_count_library	False	False	UNKNOWN_no_alias_repair	UNKNOWN_not_inferred_from_label
C	R-HSA-156842	RPS24	True	True	UNKNOWN_separate_original_reference_not_reloaded	5	5	0	0	0	multiple_qualified_guides	True	False	observed_reference_count_qualification	UNKNOWN_not_inferred_from_label
C	R-HSA-156842	RPS25	True	False	UNKNOWN_separate_original_reference_not_reloaded	0	0	0	0	0	not_in_literal_count_library	False	False	UNKNOWN_no_alias_repair	UNKNOWN_not_inferred_from_label
C	R-HSA-156842	RPS26	True	False	UNKNOWN_separate_original_reference_not_reloaded	0	0	0	0	0	not_in_literal_count_library	False	False	UNKNOWN_no_alias_repair	UNKNOWN_not_inferred_from_label
C	R-HSA-156842	RPS27	True	True	UNKNOWN_separate_original_reference_not_reloaded	2	1	1	0	0	single_qualified_guide	True	True	observed_reference_count_qualification	UNKNOWN_not_inferred_from_label
C	R-HSA-156842	RPS27A	True	False	UNKNOWN_separate_original_reference_not_reloaded	0	0	0	0	0	not_in_literal_count_library	False	False	UNKNOWN_no_alias_repair	UNKNOWN_not_inferred_from_label
C	R-HSA-156842	RPS27L	True	False	UNKNOWN_separate_original_reference_not_reloaded	0	0	0	0	0	not_in_literal_count_library	False	False	UNKNOWN_no_alias_repair	UNKNOWN_not_inferred_from_label
C	R-HSA-156842	RPS28	True	False	UNKNOWN_separate_original_reference_not_reloaded	0	0	0	0	0	not_in_literal_count_library	False	False	UNKNOWN_no_alias_repair	UNKNOWN_not_inferred_from_label
C	R-HSA-156842	RPS29	True	True	UNKNOWN_separate_original_reference_not_reloaded	1	1	0	0	0	single_qualified_guide	True	True	observed_reference_count_qualification	UNKNOWN_not_inferred_from_label
C	R-HSA-156842	RPS3	True	False	UNKNOWN_separate_original_reference_not_reloaded	0	0	0	0	0	not_in_literal_count_library	False	False	UNKNOWN_no_alias_repair	UNKNOWN_not_inferred_from_label
C	R-HSA-156842	RPS3A	True	False	UNKNOWN_separate_original_reference_not_reloaded	0	0	0	0	0	not_in_literal_count_library	False	False	UNKNOWN_no_alias_repair	UNKNOWN_not_inferred_from_label
C	R-HSA-156842	RPS4X	True	True	UNKNOWN_separate_original_reference_not_reloaded	1	0	1	1	1	no_reference_qualified_guide	False	False	observed_reference_count_qualification	UNKNOWN_not_inferred_from_label
C	R-HSA-156842	RPS4Y1	True	True	UNKNOWN_separate_original_reference_not_reloaded	3	3	0	0	0	multiple_qualified_guides	True	True	observed_reference_count_qualification	UNKNOWN_not_inferred_from_label
C	R-HSA-156842	RPS4Y2	True	True	UNKNOWN_separate_original_reference_not_reloaded	5	4	1	0	0	multiple_qualified_guides	True	True	observed_reference_count_qualification	UNKNOWN_not_inferred_from_label
C	R-HSA-156842	RPS5	True	True	UNKNOWN_separate_original_reference_not_reloaded	5	4	0	1	0	multiple_qualified_guides	True	False	observed_reference_count_qualification	UNKNOWN_not_inferred_from_label
C	R-HSA-156842	RPS6	True	True	UNKNOWN_separate_original_reference_not_reloaded	1	1	0	0	0	single_qualified_guide	True	False	observed_reference_count_qualification	UNKNOWN_not_inferred_from_label
C	R-HSA-156842	RPS7	True	False	UNKNOWN_separate_original_reference_not_reloaded	0	0	0	0	0	not_in_literal_count_library	False	False	UNKNOWN_no_alias_repair	UNKNOWN_not_inferred_from_label
C	R-HSA-156842	RPS8	True	False	UNKNOWN_separate_original_reference_not_reloaded	0	0	0	0	0	not_in_literal_count_library	False	False	UNKNOWN_no_alias_repair	UNKNOWN_not_inferred_from_label
C	R-HSA-156842	RPS9	True	True	UNKNOWN_separate_original_reference_not_reloaded	5	4	1	1	1	multiple_qualified_guides	True	False	observed_reference_count_qualification	UNKNOWN_not_inferred_from_label
C	R-HSA-156842	RPSA	True	True	UNKNOWN_separate_original_reference_not_reloaded	4	3	1	0	0	multiple_qualified_guides	True	False	observed_reference_count_qualification	UNKNOWN_not_inferred_from_label
C	R-HSA-156842	UBA52	True	False	UNKNOWN_separate_original_reference_not_reloaded	0	0	0	0	0	not_in_literal_count_library	False	False	UNKNOWN_no_alias_repair	UNKNOWN_not_inferred_from_label
